test_id,language,category,config_index,message_index,input_length,encrypt_time_us,decrypt_time_us,chars_processed,chars_per_sec,success,failure_detail
1,la,same_char,1,1,24,274.2,260.3,44,82319.9,1,
2,la,same_char,1,2,91,263.4,219.6,111,229814,1,
3,la,same_char,1,3,140,327.3,295.8,160,256781,1,
4,la,same_char,1,4,48,214.8,196.7,68,165249,1,
5,la,same_char,1,5,106,269,234.4,126,250298,1,
6,la,same_char,2,1,107,271,235.2,127,250889,1,
7,la,same_char,2,2,146,318.4,282.9,166,276069,1,
8,la,same_char,2,3,89,378.4,234.4,109,177872,1,
9,la,same_char,2,4,153,349.5,339.4,173,251125,1,
10,la,same_char,2,5,113,287.5,250.8,133,247074,1,
11,la,same_char,3,1,45,219.5,187,65,159902,1,
12,la,same_char,3,2,121,286.5,251.6,141,262033,1,
13,la,same_char,3,3,102,268.7,234.7,122,242352,1,
14,la,same_char,3,4,158,336,386.1,178,246503,1,
15,la,same_char,3,5,115,302.7,253.3,135,242806,1,
16,la,same_char,4,1,118,286.9,252.1,138,256030,1,
17,la,same_char,4,2,21,183.4,153.3,41,121770,1,
18,la,same_char,4,3,145,329.4,282.9,165,269476,1,
19,la,same_char,4,4,187,400,347.8,207,276812,1,
20,la,same_char,4,5,91,259.4,266.9,111,210906,1,
21,la,same_char,5,1,64,239.1,202.1,84,190390,1,
22,la,same_char,5,2,198,406.5,362.9,218,283338,1,
23,la,same_char,5,3,130,303.3,266.9,150,263066,1,
24,la,same_char,5,4,200,403.5,363.6,220,286794,1,
25,la,same_char,5,5,79,348.9,221,99,173715,1,
26,la,alternating,1,1,64,243.4,279.2,84,160735,1,
27,la,alternating,1,2,156,354.8,300.9,176,268415,1,
28,la,alternating,1,3,123,294.3,252.4,143,261569,1,
29,la,alternating,1,4,121,286.8,250.9,141,262228,1,
30,la,alternating,1,5,22,184.3,154.1,42,124113,1,
31,la,alternating,2,1,137,304,268.5,157,274236,1,
32,la,alternating,2,2,50,228.1,187.9,70,168269,1,
33,la,alternating,2,3,62,234.6,201.7,82,187944,1,
34,la,alternating,2,4,102,293.7,236.2,122,230232,1,
35,la,alternating,2,5,164,364.5,340.5,184,260993,1,
36,la,alternating,3,1,127,307.6,283.8,147,248563,1,
37,la,alternating,3,2,33,200.3,169.3,53,143398,1,
38,la,alternating,3,3,218,433.1,378.8,238,293140,1,
39,la,alternating,3,4,64,232.4,201.7,84,193504,1,
40,la,alternating,3,5,154,474.4,457,174,186816,1,
41,la,alternating,4,1,88,255.9,220,108,226938,1,
42,la,alternating,4,2,125,302.7,267.1,145,254475,1,
43,la,alternating,4,3,124,284.7,250.3,144,269159,1,
44,la,alternating,4,4,214,433.6,380.9,234,287293,1,
45,la,alternating,4,5,207,765,429.9,227,189974,1,
46,la,alternating,5,1,107,271.4,235.4,127,250592,1,
47,la,alternating,5,2,159,348.8,298.4,179,276576,1,
48,la,alternating,5,3,207,415.9,364.3,227,290951,1,
49,la,alternating,5,4,42,204.2,190.3,62,157161,1,
50,la,alternating,5,5,139,440.2,532,159,163547,1,
51,la,cyclic,1,1,170,356.3,318.1,190,281732,1,
52,la,cyclic,1,2,217,423.8,517.4,237,251806,1,
53,la,cyclic,1,3,33,206.7,171.2,53,140249,1,
54,la,cyclic,1,4,77,251.6,230.4,97,201245,1,
55,la,cyclic,1,5,52,220.5,188,72,176255,1,
56,la,cyclic,2,1,50,218.6,187.9,70,172202,1,
57,la,cyclic,2,2,100,385.3,237.1,120,192802,1,
58,la,cyclic,2,3,210,426.2,378.8,230,285714,1,
59,la,cyclic,2,4,45,223.2,187.1,65,158421,1,
60,la,cyclic,2,5,98,267.6,233.5,118,235482,1,
61,la,cyclic,3,1,116,286.6,250.9,136,253023,1,
62,la,cyclic,3,2,143,319.4,281.8,163,271124,1,
63,la,cyclic,3,3,169,488.4,435.9,189,204479,1,
64,la,cyclic,3,4,58,225,186.4,78,189596,1,
65,la,cyclic,3,5,105,269,234.6,125,248213,1,
66,la,cyclic,4,1,32,198.6,170.8,52,140769,1,
67,la,cyclic,4,2,214,421.4,379.3,234,292244,1,
68,la,cyclic,4,3,133,301.9,266.8,153,269035,1,
69,la,cyclic,4,4,74,234.4,201.7,94,215547,1,
70,la,cyclic,4,5,91,261.6,389.7,111,170428,1,
71,la,cyclic,5,1,179,423.2,360.8,199,253827,1,
72,la,cyclic,5,2,176,371.5,340,196,275474,1,
73,la,cyclic,5,3,77,262.4,219.5,97,201287,1,
74,la,cyclic,5,4,81,252.5,229.5,101,209544,1,
75,la,cyclic,5,5,181,371.2,329.6,201,286815,1,
76,la,jumbled,1,1,215,553.8,461,277,272960,1,
77,la,jumbled,1,2,216,488.6,428.5,275,299858,1,
78,la,jumbled,1,3,36,201.2,169,63,170178,1,
79,la,jumbled,1,4,179,421.2,378.5,232,290109,1,
80,la,jumbled,1,5,206,577.1,622.3,261,217609,1,
81,la,jumbled,2,1,39,236.7,192.7,66,153703,1,
82,la,jumbled,2,2,99,288.2,262.2,138,250727,1,
83,la,jumbled,2,3,98,293.4,251.3,133,244171,1,
84,la,jumbled,2,4,186,438.4,394.7,246,295283,1,
85,la,jumbled,2,5,95,289,249.5,132,245125,1,
86,la,jumbled,3,1,187,448.3,396.6,247,292342,1,
87,la,jumbled,3,2,25,201.9,180.3,49,128205,1,
88,la,jumbled,3,3,25,201.8,169.6,52,140011,1,
89,la,jumbled,3,4,156,370.8,330.9,201,286447,1,
90,la,jumbled,3,5,102,294.9,251.1,144,263736,1,
91,la,jumbled,4,1,78,329.7,220.8,111,201635,1,
92,la,jumbled,4,2,35,221.2,171.2,60,152905,1,
93,la,jumbled,4,3,194,467.3,398.4,252,291094,1,
94,la,jumbled,4,4,83,271.6,234.2,119,235271,1,
95,la,jumbled,4,5,204,471.4,417.6,256,287964,1,
96,la,jumbled,5,1,102,287.7,251.3,143,265306,1,
97,la,jumbled,5,2,218,487.9,429.1,273,297710,1,
98,la,jumbled,5,3,107,304.9,267.2,148,258696,1,
99,la,jumbled,5,4,213,470.3,434.2,276,305141,1,
100,la,jumbled,5,5,74,268,233.9,113,225144,1,
101,la,real_message,1,1,400,691.5,620.4,409,311762,1,
102,la,real_message,1,2,400,675.5,628.8,409,313578,1,
103,la,real_message,1,3,400,689.2,672.9,409,300272,1,
104,la,real_message,1,4,400,737.8,621.2,410,301692,1,
105,la,real_message,1,5,400,783.5,701.6,410,276076,1,
106,la,real_message,2,1,400,737.2,621.6,409,301001,1,
107,la,real_message,2,2,400,684.2,678.2,409,300206,1,
108,la,real_message,2,3,400,1098,1118.3,409,184542,1,
109,la,real_message,2,4,400,680.3,617.8,410,315846,1,
110,la,real_message,2,5,400,673.5,711.9,410,295943,1,
111,la,real_message,3,1,400,678.6,629.2,409,312739,1,
112,la,real_message,3,2,400,682.2,619.2,409,314277,1,
113,la,real_message,3,3,400,690.9,620.8,409,311809,1,
114,la,real_message,3,4,400,675.1,641.5,410,311408,1,
115,la,real_message,3,5,400,705.4,621.8,410,308921,1,
116,la,real_message,4,1,400,688.2,616.9,409,313386,1,
117,la,real_message,4,2,400,915.6,907.7,409,224319,1,
118,la,real_message,4,3,400,702.4,621.4,409,308959,1,
119,la,real_message,4,4,400,678.7,620.8,410,315506,1,
120,la,real_message,4,5,400,818.8,625.6,410,283855,1,
121,la,real_message,5,1,400,672.6,626.1,409,314930,1,
122,la,real_message,5,2,400,690.8,622.4,409,311453,1,
123,la,real_message,5,3,400,746.2,1243,409,205610,1,
124,la,real_message,5,4,400,790.5,974.2,410,232334,1,
125,la,real_message,5,5,400,690.3,618.8,410,313192,1,
126,la,repeated_phrase,1,1,201,407.7,369.4,221,284391,1,
127,la,repeated_phrase,1,2,120,533.4,445.2,140,143062,1,
128,la,repeated_phrase,1,3,150,330.4,336.9,170,254758,1,
129,la,repeated_phrase,1,4,156,341.8,297.7,176,275215,1,
130,la,repeated_phrase,1,5,209,403.4,372.6,229,295103,1,
131,la,repeated_phrase,2,1,177,398.4,331.5,197,269900,1,
132,la,repeated_phrase,2,2,187,407.3,405.4,207,254707,1,
133,la,repeated_phrase,2,3,34,238,173,54,131387,1,
134,la,repeated_phrase,2,4,73,247.4,213,93,201998,1,
135,la,repeated_phrase,2,5,99,281.9,233.8,119,230754,1,
136,la,repeated_phrase,3,1,206,403.6,363.1,226,294770,1,
137,la,repeated_phrase,3,2,143,318.1,282.1,163,271576,1,
138,la,repeated_phrase,3,3,73,450.5,247.1,93,133314,1,
139,la,repeated_phrase,3,4,164,388.8,316.7,184,260808,1,
140,la,repeated_phrase,3,5,51,238.6,186.6,71,166980,1,
141,la,repeated_phrase,4,1,79,254.5,218.8,99,209170,1,
142,la,repeated_phrase,4,2,160,338.1,298.6,180,282708,1,
143,la,repeated_phrase,4,3,211,420.6,494.6,231,252404,1,
144,la,repeated_phrase,4,4,191,422.4,347.3,211,274133,1,
145,la,repeated_phrase,4,5,31,204.6,169.8,51,136218,1,
146,la,repeated_phrase,5,1,119,299.2,250.8,139,252727,1,
147,la,repeated_phrase,5,2,94,268.6,233.3,114,227137,1,
148,la,repeated_phrase,5,3,108,264.1,232.3,128,257857,1,
149,la,repeated_phrase,5,4,140,321.4,480.8,160,199452,1,
150,la,repeated_phrase,5,5,77,253.6,351,97,160437,1,
151,la,edge_case,1,1,0,171,137.9,20,64745.9,1,
152,la,edge_case,1,2,1,167.5,136.8,21,69010.8,1,
153,la,edge_case,1,3,19,164.7,136.4,19,63102,1,
154,la,edge_case,1,4,25,164.9,136.3,25,83001.3,1,
155,la,edge_case,1,5,25,183.5,152.4,45,133968,1,
156,la,edge_case,2,1,0,167,137.9,20,65595.3,1,
157,la,edge_case,2,2,1,161.8,137.1,21,70257.6,1,
158,la,edge_case,2,3,19,164.8,136.4,19,63081,1,
159,la,edge_case,2,4,25,165.5,137.2,25,82590,1,
160,la,edge_case,2,5,25,181,152.9,45,134771,1,
161,la,edge_case,3,1,0,168.4,138.5,20,65167.8,1,
162,la,edge_case,3,2,1,165.4,137.1,21,69421.5,1,
163,la,edge_case,3,3,19,166.8,137.7,19,62397.4,1,
164,la,edge_case,3,4,25,174.6,138.8,25,79770.3,1,
165,la,edge_case,3,5,25,185.6,165.4,45,128205,1,
166,la,edge_case,4,1,0,180.3,150.8,20,60404.7,1,
167,la,edge_case,4,2,1,200.5,138.3,21,61983.5,1,
168,la,edge_case,4,3,19,171.5,180.4,19,53992.6,1,
169,la,edge_case,4,4,25,218.3,181.7,25,62500,1,
170,la,edge_case,4,5,25,187.6,153.5,45,131926,1,
171,la,edge_case,5,1,0,168,138,20,65359.5,1,
172,la,edge_case,5,2,1,166.4,136.7,21,69284.1,1,
173,la,edge_case,5,3,19,164.9,136.9,19,62955.6,1,
174,la,edge_case,5,4,25,165.9,136.9,25,82562.7,1,
175,la,edge_case,5,5,25,182.5,152.7,45,134248,1,
176,en,same_char,1,1,211,421.2,421.1,231,274249,1,
177,en,same_char,1,2,110,302.9,250.9,130,234742,1,
178,en,same_char,1,3,121,282.6,302.7,141,240902,1,
179,en,same_char,1,4,218,433.2,391.6,238,288555,1,
180,en,same_char,1,5,175,368.2,328,195,280092,1,
181,en,same_char,2,1,165,356.9,314.8,185,275421,1,
182,en,same_char,2,2,55,220.9,186.9,75,183914,1,
183,en,same_char,2,3,165,352.4,323,185,273912,1,
184,en,same_char,2,4,140,414.9,355.4,160,207711,1,
185,en,same_char,2,5,171,358.6,324.2,191,279731,1,
186,en,same_char,3,1,32,243.7,170.2,52,125634,1,
187,en,same_char,3,2,64,233.7,200.7,84,193370,1,
188,en,same_char,3,3,144,395.2,284.6,164,241247,1,
189,en,same_char,3,4,141,319.3,282,161,267753,1,
190,en,same_char,3,5,140,365.8,299.7,160,240421,1,
191,en,same_char,4,1,175,375.8,331.6,195,275657,1,
192,en,same_char,4,2,125,303.7,266.4,145,254341,1,
193,en,same_char,4,3,145,568.6,408.6,165,168850,1,
194,en,same_char,4,4,87,254.1,217.1,107,227080,1,
195,en,same_char,4,5,129,302.7,265.7,149,262139,1,
196,en,same_char,5,1,191,390.3,347,211,286179,1,
197,en,same_char,5,2,90,252.7,218.6,110,233397,1,
198,en,same_char,5,3,86,255.4,217.5,106,224149,1,
199,en,same_char,5,4,34,200.8,169.1,54,145985,1,
200,en,same_char,5,5,184,367.3,329.8,204,292641,1,
201,en,alternating,1,1,187,395.7,346.2,207,279013,1,
202,en,alternating,1,2,211,433.6,379.6,231,284063,1,
203,en,alternating,1,3,33,199.3,168.8,53,143983,1,
204,en,alternating,1,4,146,416.6,287.8,166,235662,1,
205,en,alternating,1,5,104,265.8,233.4,124,248397,1,
206,en,alternating,2,1,200,409.5,363.4,220,284642,1,
207,en,alternating,2,2,201,417.8,364.2,221,282609,1,
208,en,alternating,2,3,157,431.7,301.4,177,241440,1,
209,en,alternating,2,4,172,370.2,315.5,192,280006,1,
210,en,alternating,2,5,29,201.6,168.9,49,132254,1,
211,en,alternating,3,1,90,252.8,218.8,110,233249,1,
212,en,alternating,3,2,107,267.5,234.1,127,253190,1,
213,en,alternating,3,3,114,418.9,252.8,134,199494,1,
214,en,alternating,3,4,93,274.7,250.2,113,215279,1,
215,en,alternating,3,5,65,235.3,201.5,85,194597,1,
216,en,alternating,4,1,71,246.8,202.6,91,202492,1,
217,en,alternating,4,2,160,337.5,299.3,180,282663,1,
218,en,alternating,4,3,144,319.3,282.4,164,272561,1,
219,en,alternating,4,4,39,199.6,169.9,59,159675,1,
220,en,alternating,4,5,28,192.6,153.9,48,138528,1,
221,en,alternating,5,1,181,370.7,329.7,201,286979,1,
222,en,alternating,5,2,187,390.3,346.5,207,280945,1,
223,en,alternating,5,3,143,319.6,292.8,163,266166,1,
224,en,alternating,5,4,56,217.6,197.1,76,183265,1,
225,en,alternating,5,5,168,363.1,315.3,188,277123,1,
226,en,cyclic,1,1,88,255,218.3,108,228185,1,
227,en,cyclic,1,2,109,293.1,263.8,129,231639,1,
228,en,cyclic,1,3,185,376.5,331.6,205,289507,1,
229,en,cyclic,1,4,65,233.6,200.6,85,195762,1,
230,en,cyclic,1,5,215,420.3,401.9,235,285819,1,
231,en,cyclic,2,1,70,233.8,201.3,90,206849,1,
232,en,cyclic,2,2,57,218.5,186.7,77,190030,1,
233,en,cyclic,2,3,23,187.2,154.3,43,125915,1,
234,en,cyclic,2,4,31,204.2,170.6,51,136073,1,
235,en,cyclic,2,5,176,373.8,329.3,196,278765,1,
236,en,cyclic,3,1,172,353.1,326.3,192,282602,1,
237,en,cyclic,3,2,175,367.6,329.1,195,279891,1,
238,en,cyclic,3,3,122,282.3,258.5,142,262574,1,
239,en,cyclic,3,4,186,612.2,349.9,206,214115,1,
240,en,cyclic,3,5,101,304.2,235.3,121,224282,1,
241,en,cyclic,4,1,23,184.1,154.8,43,126881,1,
242,en,cyclic,4,2,209,405.2,363.1,229,298061,1,
243,en,cyclic,4,3,169,357.2,315.9,189,280790,1,
244,en,cyclic,4,4,66,233.8,201.9,86,197384,1,
245,en,cyclic,4,5,198,707.4,703.7,218,154489,1,
246,en,cyclic,5,1,63,238.8,203.3,83,187740,1,
247,en,cyclic,5,2,92,251.6,218.3,112,238349,1,
248,en,cyclic,5,3,33,209.6,170.4,53,139474,1,
249,en,cyclic,5,4,38,198,169,58,158038,1,
250,en,cyclic,5,5,163,352,413.7,183,238997,1,
251,en,jumbled,1,1,198,496.3,436.5,258,276587,1,
252,en,jumbled,1,2,136,392.8,315.8,184,259667,1,
253,en,jumbled,1,3,202,457.7,419.5,260,296398,1,
254,en,jumbled,1,4,182,419,389.3,235,290734,1,
255,en,jumbled,1,5,97,291.4,251.6,135,248619,1,
256,en,jumbled,2,1,145,381,346,195,268226,1,
257,en,jumbled,2,2,180,423.8,378.6,233,290379,1,
258,en,jumbled,2,3,66,251,217.1,99,211493,1,
259,en,jumbled,2,4,119,318.5,291.2,161,264064,1,
260,en,jumbled,2,5,186,443.7,393.3,242,289128,1,
261,en,jumbled,3,1,66,279.3,219,99,198675,1,
262,en,jumbled,3,2,83,269.9,234,121,240127,1,
263,en,jumbled,3,3,63,266.1,218.6,98,202187,1,
264,en,jumbled,3,4,174,403.2,361.4,226,295579,1,
265,en,jumbled,3,5,151,386.2,329.8,203,283520,1,
266,en,jumbled,4,1,87,402,362,126,164921,1,
267,en,jumbled,4,2,80,279.5,235.1,115,223475,1,
268,en,jumbled,4,3,28,211.2,170.6,52,136197,1,
269,en,jumbled,4,4,35,199,169.7,64,173583,1,
270,en,jumbled,4,5,69,250,218.5,97,207044,1,
271,en,jumbled,5,1,75,251.5,218.4,107,227708,1,
272,en,jumbled,5,2,162,405.5,347.4,213,282906,1,
273,en,jumbled,5,3,76,251.3,217.5,112,238908,1,
274,en,jumbled,5,4,74,264.8,267.4,106,199173,1,
275,en,jumbled,5,5,185,427.1,378.5,240,297915,1,
276,en,real_message,1,1,400,672.2,733.7,408,290206,1,
277,en,real_message,1,2,400,680,798.4,408,275974,1,
278,en,real_message,1,3,400,701.7,617.5,409,310036,1,
279,en,real_message,1,4,400,684.4,617.9,410,314828,1,
280,en,real_message,1,5,400,683,629,411,313262,1,
281,en,real_message,2,1,400,685.2,628.6,408,310550,1,
282,en,real_message,2,2,400,722.7,697,408,287385,1,
283,en,real_message,2,3,400,705,682.8,409,294711,1,
284,en,real_message,2,4,400,679.7,626.6,410,313864,1,
285,en,real_message,2,5,400,699.4,656.2,411,303187,1,
286,en,real_message,3,1,400,683.3,656.4,408,304546,1,
287,en,real_message,3,2,400,772.9,674.5,408,281885,1,
288,en,real_message,3,3,400,683.2,620.3,409,313771,1,
289,en,real_message,3,4,400,970.7,697.9,410,245715,1,
290,en,real_message,3,5,400,693.9,619.2,411,313000,1,
291,en,real_message,4,1,400,674.5,626.2,408,313677,1,
292,en,real_message,4,2,400,683.8,621.4,408,312596,1,
293,en,real_message,4,3,400,670.6,617.5,409,317522,1,
294,en,real_message,4,4,400,718.7,618.9,410,306519,1,
295,en,real_message,4,5,400,674.5,617.9,411,318013,1,
296,en,real_message,5,1,400,889.7,637.4,408,267173,1,
297,en,real_message,5,2,400,677.9,628,408,312428,1,
298,en,real_message,5,3,400,692.4,617,409,312357,1,
299,en,real_message,5,4,400,685.8,617.6,410,314562,1,
300,en,real_message,5,5,400,674.7,624.6,411,316324,1,
301,en,repeated_phrase,1,1,200,466.3,380.7,220,259740,1,
302,en,repeated_phrase,1,2,173,374.1,315.4,193,279913,1,
303,en,repeated_phrase,1,3,41,207.1,170.7,61,161461,1,
304,en,repeated_phrase,1,4,154,350.6,299,174,267857,1,
305,en,repeated_phrase,1,5,65,233.5,201.8,85,195268,1,
306,en,repeated_phrase,2,1,156,363.1,300.4,176,265260,1,
307,en,repeated_phrase,2,2,215,849.7,731.9,235,148584,1,
308,en,repeated_phrase,2,3,27,374.2,298,47,69919.7,1,
309,en,repeated_phrase,2,4,197,441.1,347.8,217,275067,1,
310,en,repeated_phrase,2,5,49,230.1,188.6,69,164796,1,
311,en,repeated_phrase,3,1,89,250.5,217.9,109,232707,1,
312,en,repeated_phrase,3,2,42,263.2,171.5,62,142627,1,
313,en,repeated_phrase,3,3,166,650.3,340,186,187822,1,
314,en,repeated_phrase,3,4,144,341.7,282.7,164,262652,1,
315,en,repeated_phrase,3,5,204,417.8,365.7,224,285897,1,
316,en,repeated_phrase,4,1,28,185.7,154.6,48,141052,1,
317,en,repeated_phrase,4,2,59,230.3,187.6,79,189040,1,
318,en,repeated_phrase,4,3,53,377.9,192.2,73,128048,1,
319,en,repeated_phrase,4,4,216,429.1,420.5,236,277778,1,
320,en,repeated_phrase,4,5,28,190.4,172.8,48,132159,1,
321,en,repeated_phrase,5,1,167,420.9,440.9,187,216988,1,
322,en,repeated_phrase,5,2,119,292.1,269.6,139,247463,1,
323,en,repeated_phrase,5,3,180,373.1,330.7,200,284172,1,
324,en,repeated_phrase,5,4,110,332,286.2,130,210288,1,
325,en,repeated_phrase,5,5,186,406.3,346.8,206,273536,1,
326,en,edge_case,1,1,0,190.3,250.9,20,45330.9,1,
327,en,edge_case,1,2,1,175.2,136.9,21,67286.1,1,
328,en,edge_case,1,3,19,165.6,136.2,19,62955.6,1,
329,en,edge_case,1,4,25,166.4,136.5,25,82535.5,1,
330,en,edge_case,1,5,25,181.8,153.4,45,134248,1,
331,en,edge_case,2,1,0,196.1,138.9,20,59701.5,1,
332,en,edge_case,2,2,1,167.9,137.4,21,68784.8,1,
333,en,edge_case,2,3,19,166.3,136.7,19,62706.3,1,
334,en,edge_case,2,4,25,164.4,136.3,25,83139.3,1,
335,en,edge_case,2,5,25,181.2,153.6,45,134409,1,
336,en,edge_case,3,1,0,181.8,149.1,20,60441.2,1,
337,en,edge_case,3,2,1,181,138.4,21,65748.3,1,
338,en,edge_case,3,3,19,187.7,137.6,19,58407.6,1,
339,en,edge_case,3,4,25,163.9,149.4,25,79795.7,1,
340,en,edge_case,3,5,25,182,152.5,45,134529,1,
341,en,edge_case,4,1,0,168.1,138.6,20,65210.3,1,
342,en,edge_case,4,2,1,166.3,137.3,21,69170,1,
343,en,edge_case,4,3,19,165.2,137.3,19,62809.9,1,
344,en,edge_case,4,4,25,174.1,139.3,25,79770.3,1,
345,en,edge_case,4,5,25,182.9,153.5,45,133769,1,
346,en,edge_case,5,1,0,168,137.8,20,65402.2,1,
347,en,edge_case,5,2,1,166.1,150.4,21,66350.7,1,
348,en,edge_case,5,3,19,166.3,137,19,62644.2,1,
349,en,edge_case,5,4,25,164,136.9,25,83084.1,1,
350,en,edge_case,5,5,25,188.9,153.7,45,131349,1,
351,es,same_char,1,1,87,247.5,233.6,107,222407,1,
352,es,same_char,1,2,133,339.4,267.2,153,252226,1,
353,es,same_char,1,3,168,355.7,314.1,188,280681,1,
354,es,same_char,1,4,49,231.9,187.1,69,164678,1,
355,es,same_char,1,5,179,384.8,330.1,199,278361,1,
356,es,same_char,2,1,201,406,363.7,221,287125,1,
357,es,same_char,2,2,171,391.5,316.5,191,269774,1,
358,es,same_char,2,3,98,276.7,235.8,118,230244,1,
359,es,same_char,2,4,131,312.5,267.9,151,260165,1,
360,es,same_char,2,5,44,199.7,170,64,173113,1,
361,es,same_char,3,1,56,220.4,187.2,76,186457,1,
362,es,same_char,3,2,181,372.9,338.7,201,282462,1,
363,es,same_char,3,3,69,243.5,201.8,89,199865,1,
364,es,same_char,3,4,117,311.1,252.1,137,243253,1,
365,es,same_char,3,5,135,389.6,321.8,155,217880,1,
366,es,same_char,4,1,157,342.1,300.2,177,275572,1,
367,es,same_char,4,2,99,266.6,232.7,119,238334,1,
368,es,same_char,4,3,52,218.1,186.1,72,178130,1,
369,es,same_char,4,4,50,215.6,198,70,169246,1,
370,es,same_char,4,5,107,265.3,233.5,127,254611,1,
371,es,same_char,5,1,34,312.5,196.9,54,106007,1,
372,es,same_char,5,2,111,338.1,250.3,131,222638,1,
373,es,same_char,5,3,35,198.9,168.7,55,149619,1,
374,es,same_char,5,4,93,268.9,233.2,113,225055,1,
375,es,same_char,5,5,22,181.4,152.4,42,125824,1,
376,es,alternating,1,1,50,260.3,188.3,70,156041,1,
377,es,alternating,1,2,148,323,282.4,168,277502,1,
378,es,alternating,1,3,210,429.7,410.1,230,273875,1,
379,es,alternating,1,4,25,334.8,275.5,45,73734.2,1,
380,es,alternating,1,5,46,231.2,188.7,66,157180,1,
381,es,alternating,2,1,63,238.2,202.9,83,188166,1,
382,es,alternating,2,2,114,283.7,249.8,134,251172,1,
383,es,alternating,2,3,187,398.8,346.7,207,277666,1,
384,es,alternating,2,4,147,320.5,282.8,167,276811,1,
385,es,alternating,2,5,57,218.6,187.2,77,189749,1,
386,es,alternating,3,1,123,296,251.4,143,261235,1,
387,es,alternating,3,2,106,292,235.1,126,239044,1,
388,es,alternating,3,3,50,220.4,197.6,70,167464,1,
389,es,alternating,3,4,63,233,201,83,191244,1,
390,es,alternating,3,5,132,303.6,266.8,152,266480,1,
391,es,alternating,4,1,47,231.1,186.6,67,160402,1,
392,es,alternating,4,2,122,282.8,258.5,142,262331,1,
393,es,alternating,4,3,31,198.8,168.4,51,138889,1,
394,es,alternating,4,4,34,439.8,169.3,54,88655.4,1,
395,es,alternating,4,5,116,291.9,251.1,136,250460,1,
396,es,alternating,5,1,178,502,331.5,198,237552,1,
397,es,alternating,5,2,204,417.8,363.7,224,286628,1,
398,es,alternating,5,3,160,334.3,297.2,180,285036,1,
399,es,alternating,5,4,112,290.7,400.8,132,190889,1,
400,es,alternating,5,5,26,215.6,206.3,46,109031,1,
401,es,cyclic,1,1,33,205.3,213.3,53,126613,1,
402,es,cyclic,1,2,100,280.5,233.8,120,233327,1,
403,es,cyclic,1,3,196,384.8,345.7,216,295688,1,
404,es,cyclic,1,4,198,637,856.1,218,146005,1,
405,es,cyclic,1,5,83,376.1,325.9,103,146724,1,
406,es,cyclic,2,1,219,551.6,492.3,239,228949,1,
407,es,cyclic,2,2,33,204,169.6,53,141863,1,
408,es,cyclic,2,3,50,221.2,185.8,70,171990,1,
409,es,cyclic,2,4,62,242.2,200.9,82,185060,1,
410,es,cyclic,2,5,88,247.6,227.6,108,227273,1,
411,es,cyclic,3,1,128,304.1,267.4,148,258968,1,
412,es,cyclic,3,2,55,220.5,187.3,75,183914,1,
413,es,cyclic,3,3,89,248.5,217.3,109,234006,1,
414,es,cyclic,3,4,98,272.6,234.3,118,232788,1,
415,es,cyclic,3,5,67,237.4,201.8,87,198087,1,
416,es,cyclic,4,1,145,320.7,284.1,165,272817,1,
417,es,cyclic,4,2,218,420.9,377.9,238,297947,1,
418,es,cyclic,4,3,198,414.7,417.5,218,261956,1,
419,es,cyclic,4,4,144,324.7,282,164,270315,1,
420,es,cyclic,4,5,139,349.8,284,159,250868,1,
421,es,cyclic,5,1,66,235.4,202.6,86,196347,1,
422,es,cyclic,5,2,118,283.9,250,138,258475,1,
423,es,cyclic,5,3,96,265.4,233.3,116,232605,1,
424,es,cyclic,5,4,149,340.2,284.9,169,270357,1,
425,es,cyclic,5,5,203,743.9,651,223,159868,1,
426,es,jumbled,1,1,104,297.9,439.3,141,191264,1,
427,es,jumbled,1,2,82,486.4,396.5,121,137048,1,
428,es,jumbled,1,3,165,712.7,622,215,161085,1,
429,es,jumbled,1,4,95,353.3,271.6,137,219235,1,
430,es,jumbled,1,5,198,620.2,430.9,257,244506,1,
431,es,jumbled,2,1,185,766.7,673.3,239,165972,1,
432,es,jumbled,2,2,35,365.9,305.6,63,93819.8,1,
433,es,jumbled,2,3,209,655.8,433.9,274,251445,1,
434,es,jumbled,2,4,200,461.2,643.8,263,238009,1,
435,es,jumbled,2,5,59,434,368.7,90,112122,1,
436,es,jumbled,3,1,85,475.6,416,122,136833,1,
437,es,jumbled,3,2,194,450.4,439.5,247,277559,1,
438,es,jumbled,3,3,74,270.9,218.5,105,214548,1,
439,es,jumbled,3,4,45,257.3,188.4,73,163787,1,
440,es,jumbled,3,5,139,372,313.7,181,263964,1,
441,es,jumbled,4,1,159,429.2,347.6,214,275489,1,
442,es,jumbled,4,2,39,219.8,186.6,67,164862,1,
443,es,jumbled,4,3,217,491.6,443,280,299593,1,
444,es,jumbled,4,4,160,388.7,347.3,212,288043,1,
445,es,jumbled,4,5,189,645.3,457.4,250,226716,1,
446,es,jumbled,5,1,166,387.6,346.8,214,291394,1,
447,es,jumbled,5,2,61,233.7,201.2,95,218441,1,
448,es,jumbled,5,3,102,282.7,249.6,143,268646,1,
449,es,jumbled,5,4,112,302.6,266.3,145,254878,1,
450,es,jumbled,5,5,116,341.3,299.6,161,251209,1,
451,es,real_message,1,1,400,676.4,619.3,413,318747,1,
452,es,real_message,1,2,400,668.4,617.5,413,321176,1,
453,es,real_message,1,3,400,685.9,619.5,414,317144,1,
454,es,real_message,1,4,400,673.8,617.5,414,320607,1,
455,es,real_message,1,5,400,897.5,1164.2,413,200320,1,
456,es,real_message,2,1,400,676.9,620.3,413,318378,1,
457,es,real_message,2,2,400,686.1,634.2,413,312808,1,
458,es,real_message,2,3,400,691.2,618,414,316224,1,
459,es,real_message,2,4,400,676.3,618.5,414,319741,1,
460,es,real_message,2,5,400,684.7,619.4,413,316694,1,
461,es,real_message,3,1,400,672.1,660,413,310037,1,
462,es,real_message,3,2,400,673,817.3,413,277125,1,
463,es,real_message,3,3,400,691.4,618.3,414,316103,1,
464,es,real_message,3,4,400,680.8,617.6,414,318854,1,
465,es,real_message,3,5,400,684.6,624.1,413,315580,1,
466,es,real_message,4,1,400,859.5,627.7,413,277703,1,
467,es,real_message,4,2,400,699.3,629.2,413,310877,1,
468,es,real_message,4,3,400,680.7,619.4,414,318437,1,
469,es,real_message,4,4,400,689.8,636.2,414,312217,1,
470,es,real_message,4,5,400,682.8,618.8,413,317302,1,
471,es,real_message,5,1,400,683,635.4,413,313258,1,
472,es,real_message,5,2,400,1002.8,1098.5,413,196545,1,
473,es,real_message,5,3,400,688.9,620.7,414,316127,1,
474,es,real_message,5,4,400,683,619.8,414,317777,1,
475,es,real_message,5,5,400,974.8,885.9,413,221959,1,
476,es,repeated_phrase,1,1,157,341.4,299.8,177,276045,1,
477,es,repeated_phrase,1,2,162,377.8,299.2,182,268833,1,
478,es,repeated_phrase,1,3,157,590,338.4,177,190651,1,
479,es,repeated_phrase,1,4,142,336.7,284.8,162,260660,1,
480,es,repeated_phrase,1,5,76,237.8,202.4,96,218083,1,
481,es,repeated_phrase,2,1,107,284.3,235.8,127,244184,1,
482,es,repeated_phrase,2,2,186,388.4,346.3,206,280387,1,
483,es,repeated_phrase,2,3,48,219.5,186.3,68,167570,1,
484,es,repeated_phrase,2,4,174,574.8,371.7,194,204966,1,
485,es,repeated_phrase,2,5,37,337.7,171.8,57,111874,1,
486,es,repeated_phrase,3,1,34,203.1,171.2,54,144269,1,
487,es,repeated_phrase,3,2,180,367.4,330.3,200,286656,1,
488,es,repeated_phrase,3,3,142,321.1,282.9,162,268212,1,
489,es,repeated_phrase,3,4,96,269.3,234.2,116,230387,1,
490,es,repeated_phrase,3,5,132,301.8,277.4,152,262431,1,
491,es,repeated_phrase,4,1,94,302.9,504.8,114,141142,1,
492,es,repeated_phrase,4,2,111,309,251,131,233929,1,
493,es,repeated_phrase,4,3,87,260.3,216.3,107,224507,1,
494,es,repeated_phrase,4,4,177,367.7,342.3,197,277465,1,
495,es,repeated_phrase,4,5,100,266.7,232.8,120,240240,1,
496,es,repeated_phrase,5,1,120,283.6,249.4,140,262664,1,
497,es,repeated_phrase,5,2,179,417.9,353.6,199,257939,1,
498,es,repeated_phrase,5,3,34,201.9,169.8,54,145278,1,
499,es,repeated_phrase,5,4,74,232,200.5,94,217341,1,
500,es,repeated_phrase,5,5,30,197.4,169.2,50,136388,1,
501,es,edge_case,1,1,0,169.7,138,20,64998.4,1,
502,es,edge_case,1,2,1,164.9,136.3,21,69721.1,1,
503,es,edge_case,1,3,19,164.8,150.4,19,60279.2,1,
504,es,edge_case,1,4,25,165,161.7,25,76522.8,1,
505,es,edge_case,1,5,25,288.7,155.7,45,101260,1,
506,es,edge_case,2,1,0,169.1,138.8,20,64956.2,1,
507,es,edge_case,2,2,1,166.3,137.1,21,69215.6,1,
508,es,edge_case,2,3,19,165.2,137.4,19,62789.2,1,
509,es,edge_case,2,4,25,165,174.9,25,73551,1,
510,es,edge_case,2,5,25,187.9,153.3,45,131887,1,
511,es,edge_case,3,1,0,166.9,139.1,20,65359.5,1,
512,es,edge_case,3,2,1,162.3,137.2,21,70116.9,1,
513,es,edge_case,3,3,19,166.5,137.5,19,62500,1,
514,es,edge_case,3,4,25,165.8,137.5,25,82426.6,1,
515,es,edge_case,3,5,25,181.5,153.4,45,134368,1,
516,es,edge_case,4,1,0,165.9,180.7,20,57703.4,1,
517,es,edge_case,4,2,1,179,137.2,21,66413.7,1,
518,es,edge_case,4,3,19,164.4,136.8,19,63081,1,
519,es,edge_case,4,4,25,163.4,136.4,25,83388.9,1,
520,es,edge_case,4,5,25,192.1,153.6,45,130171,1,
521,es,edge_case,5,1,0,166.6,151.5,20,62873.3,1,
522,es,edge_case,5,2,1,165.7,137.1,21,69352.7,1,
523,es,edge_case,5,3,19,179.6,137.3,19,59955.8,1,
524,es,edge_case,5,4,25,164.3,137.1,25,82946.3,1,
525,es,edge_case,5,5,25,182.6,153.3,45,133968,1,
526,ca,same_char,1,1,213,525.1,494.3,233,228566,1,
527,ca,same_char,1,2,141,340,283.1,161,258385,1,
528,ca,same_char,1,3,204,405.7,362.1,224,291743,1,
529,ca,same_char,1,4,56,218.5,186.8,76,187515,1,
530,ca,same_char,1,5,212,428.3,378,232,287734,1,
531,ca,same_char,2,1,141,328,350.6,161,237253,1,
532,ca,same_char,2,2,138,312,294.3,158,260597,1,
533,ca,same_char,2,3,124,284.2,249.7,144,269713,1,
534,ca,same_char,2,4,147,318.2,283.4,167,277593,1,
535,ca,same_char,2,5,169,353,324.4,189,279008,1,
536,ca,same_char,3,1,55,458.6,407.8,75,86565.1,1,
537,ca,same_char,3,2,71,266.8,316.8,91,155929,1,
538,ca,same_char,3,3,52,229.7,188.4,72,172208,1,
539,ca,same_char,3,4,66,234,201.4,86,197520,1,
540,ca,same_char,3,5,45,219,186.6,65,160256,1,
541,ca,same_char,4,1,23,185.8,154,43,126545,1,
542,ca,same_char,4,2,119,283.9,249.7,139,260495,1,
543,ca,same_char,4,3,84,250.4,217.2,104,222412,1,
544,ca,same_char,4,4,76,243.5,238.8,96,199046,1,
545,ca,same_char,4,5,119,285.5,248.6,139,260251,1,
546,ca,same_char,5,1,106,277.8,235.7,126,245375,1,
547,ca,same_char,5,2,58,219.3,187.3,78,191835,1,
548,ca,same_char,5,3,113,292.2,249.9,133,245342,1,
549,ca,same_char,5,4,73,234,201.8,93,213401,1,
550,ca,same_char,5,5,129,303.9,266.1,149,261404,1,
551,ca,alternating,1,1,153,341.1,300.6,173,269596,1,
552,ca,alternating,1,2,48,220.5,186.4,68,167117,1,
553,ca,alternating,1,3,62,420.3,366.2,82,104259,1,
554,ca,alternating,1,4,161,367.7,301.4,181,270513,1,
555,ca,alternating,1,5,167,354.3,313.7,187,279940,1,
556,ca,alternating,2,1,84,272.6,218.3,104,211856,1,
557,ca,alternating,2,2,195,385.6,345.8,215,293957,1,
558,ca,alternating,2,3,33,198.2,169.2,53,144257,1,
559,ca,alternating,2,4,218,454,436.7,238,267206,1,
560,ca,alternating,2,5,37,213,170.3,57,148709,1,
561,ca,alternating,3,1,92,252.4,219.2,112,237489,1,
562,ca,alternating,3,2,50,229.4,186.9,70,168148,1,
563,ca,alternating,3,3,158,342.2,299.7,178,277302,1,
564,ca,alternating,3,4,203,403.6,373.6,223,286927,1,
565,ca,alternating,3,5,68,233.4,202.4,88,201927,1,
566,ca,alternating,4,1,138,306.1,280.4,158,269395,1,
567,ca,alternating,4,2,196,385.7,345.4,216,295445,1,
568,ca,alternating,4,3,108,269.4,234.6,128,253968,1,
569,ca,alternating,4,4,20,199.1,154.4,40,113154,1,
570,ca,alternating,4,5,157,338,298.3,177,278171,1,
571,ca,alternating,5,1,201,400.7,423.6,221,268106,1,
572,ca,alternating,5,2,152,344,298.9,172,267538,1,
573,ca,alternating,5,3,189,381.3,354.7,209,283967,1,
574,ca,alternating,5,4,104,272.8,233.1,124,245108,1,
575,ca,alternating,5,5,185,367.3,329.9,205,294033,1,
576,ca,cyclic,1,1,90,250.7,217.9,110,234742,1,
577,ca,cyclic,1,2,129,314.2,281.9,149,249958,1,
578,ca,cyclic,1,3,113,291.2,264.6,133,239295,1,
579,ca,cyclic,1,4,53,218.5,184.5,73,181141,1,
580,ca,cyclic,1,5,181,375.9,344.5,201,279012,1,
581,ca,cyclic,2,1,58,221.2,188.4,78,190430,1,
582,ca,cyclic,2,2,93,269.1,233.9,113,224652,1,
583,ca,cyclic,2,3,82,250.8,217.5,102,217809,1,
584,ca,cyclic,2,4,63,234.3,249.3,83,171629,1,
585,ca,cyclic,2,5,112,295.5,250.8,132,241625,1,
586,ca,cyclic,3,1,124,307.3,250.6,144,258111,1,
587,ca,cyclic,3,2,109,290.5,268.6,129,230728,1,
588,ca,cyclic,3,3,67,233.2,212.7,87,195111,1,
589,ca,cyclic,3,4,199,412.4,361.7,219,282909,1,
590,ca,cyclic,3,5,193,395,355.4,213,283849,1,
591,ca,cyclic,4,1,157,397.6,302.9,177,252677,1,
592,ca,cyclic,4,2,86,259.1,217.9,106,222222,1,
593,ca,cyclic,4,3,193,391.4,346.4,213,288696,1,
594,ca,cyclic,4,4,134,330.3,318.1,154,237508,1,
595,ca,cyclic,4,5,129,307.7,456,149,195103,1,
596,ca,cyclic,5,1,68,238.9,202.7,88,199275,1,
597,ca,cyclic,5,2,81,262.4,218.9,101,209848,1,
598,ca,cyclic,5,3,217,423.8,378.7,237,295327,1,
599,ca,cyclic,5,4,101,267.8,234.4,121,240940,1,
600,ca,cyclic,5,5,86,257.5,219.4,106,222269,1,
601,ca,jumbled,1,1,175,404.4,362.4,225,293427,1,
602,ca,jumbled,1,2,60,244.6,202.9,92,205587,1,
603,ca,jumbled,1,3,139,356.6,313.7,185,275996,1,
604,ca,jumbled,1,4,107,301.6,265.7,148,260885,1,
605,ca,jumbled,1,5,210,470.8,425.4,268,299040,1,
606,ca,jumbled,2,1,117,304.6,268,156,272441,1,
607,ca,jumbled,2,2,73,323.7,224.4,110,200693,1,
608,ca,jumbled,2,3,160,397.1,350.2,211,282350,1,
609,ca,jumbled,2,4,98,287.1,259.6,130,237790,1,
610,ca,jumbled,2,5,41,219.4,186.9,66,162442,1,
611,ca,jumbled,3,1,162,388.1,364,212,281877,1,
612,ca,jumbled,3,2,216,730.2,485.7,283,232749,1,
613,ca,jumbled,3,3,141,362.6,314.9,188,277491,1,
614,ca,jumbled,3,4,39,219.2,185.3,67,165637,1,
615,ca,jumbled,3,5,28,201.2,169.2,54,145788,1,
616,ca,jumbled,4,1,70,250.8,218,103,219710,1,
617,ca,jumbled,4,2,89,267.9,233,127,253544,1,
618,ca,jumbled,4,3,218,473.5,427.3,276,306394,1,
619,ca,jumbled,4,4,205,535.4,412.1,262,276517,1,
620,ca,jumbled,4,5,203,464.9,411.5,265,302373,1,
621,ca,jumbled,5,1,138,357.9,314.4,191,284099,1,
622,ca,jumbled,5,2,141,632.9,542.8,189,160755,1,
623,ca,jumbled,5,3,127,327.1,283.4,170,278460,1,
624,ca,jumbled,5,4,193,466.7,411.2,256,291605,1,
625,ca,jumbled,5,5,122,346,297,165,256610,1,
626,ca,real_message,1,1,400,733.1,623.5,411,302963,1,
627,ca,real_message,1,2,400,676.2,624.5,410,315215,1,
628,ca,real_message,1,3,400,679.5,618.8,409,315027,1,
629,ca,real_message,1,4,400,838.5,607.6,407,281447,1,
630,ca,real_message,1,5,400,673.3,617.9,407,315211,1,
631,ca,real_message,2,1,400,696.8,632.7,411,309139,1,
632,ca,real_message,2,2,400,746.8,640.3,410,295581,1,
633,ca,real_message,2,3,400,785.9,856.2,409,249071,1,
634,ca,real_message,2,4,400,771.2,606.4,407,295441,1,
635,ca,real_message,2,5,400,663.4,608.1,407,320094,1,
636,ca,real_message,3,1,400,837.6,653.9,411,275562,1,
637,ca,real_message,3,2,400,684.7,628.8,410,312143,1,
638,ca,real_message,3,3,400,895.3,850.6,409,234263,1,
639,ca,real_message,3,4,400,670.4,612.3,407,317299,1,
640,ca,real_message,3,5,400,666.5,613.5,407,317969,1,
641,ca,real_message,4,1,400,697.1,620.8,411,311860,1,
642,ca,real_message,4,2,400,681.7,619.1,410,315191,1,
643,ca,real_message,4,3,400,1184.2,1102.6,409,178853,1,
644,ca,real_message,4,4,400,666.5,612.6,407,318192,1,
645,ca,real_message,4,5,400,1145.4,1166.4,407,176053,1,
646,ca,real_message,5,1,400,687.5,622.5,411,313740,1,
647,ca,real_message,5,2,400,675.9,778.3,410,281942,1,
648,ca,real_message,5,3,400,739.2,630.1,409,298693,1,
649,ca,real_message,5,4,400,662.8,601.8,407,321841,1,
650,ca,real_message,5,5,400,687.4,605.9,407,314699,1,
651,ca,repeated_phrase,1,1,158,350.8,299.3,178,273804,1,
652,ca,repeated_phrase,1,2,134,302,265.6,154,271318,1,
653,ca,repeated_phrase,1,3,121,282.1,248.8,141,265587,1,
654,ca,repeated_phrase,1,4,118,386.2,250.7,138,216675,1,
655,ca,repeated_phrase,1,5,148,344.2,285.3,168,266878,1,
656,ca,repeated_phrase,2,1,88,250.6,218.3,108,230326,1,
657,ca,repeated_phrase,2,2,52,218.6,186.2,72,177866,1,
658,ca,repeated_phrase,2,3,116,281.3,248.5,136,256701,1,
659,ca,repeated_phrase,2,4,128,299.7,265.9,148,261669,1,
660,ca,repeated_phrase,2,5,182,394.8,330,202,278698,1,
661,ca,repeated_phrase,3,1,80,253.9,271.7,100,190259,1,
662,ca,repeated_phrase,3,2,213,434.2,379.2,233,286452,1,
663,ca,repeated_phrase,3,3,158,347.4,299.1,178,275329,1,
664,ca,repeated_phrase,3,4,171,350.1,314,191,287607,1,
665,ca,repeated_phrase,3,5,109,303.7,262.8,129,227714,1,
666,ca,repeated_phrase,4,1,87,251.9,217.4,107,227999,1,
667,ca,repeated_phrase,4,2,187,387.8,346.8,207,281786,1,
668,ca,repeated_phrase,4,3,94,289.1,301,114,193188,1,
669,ca,repeated_phrase,4,4,211,424.9,379.1,231,287313,1,
670,ca,repeated_phrase,4,5,120,293.8,301.3,140,235255,1,
671,ca,repeated_phrase,5,1,182,387.1,329.7,202,281808,1,
672,ca,repeated_phrase,5,2,57,228,202,77,179070,1,
673,ca,repeated_phrase,5,3,106,268,233.7,126,251146,1,
674,ca,repeated_phrase,5,4,177,363.6,328.9,197,284477,1,
675,ca,repeated_phrase,5,5,128,301.6,276.6,148,255967,1,
676,ca,edge_case,1,1,0,169.1,138.3,20,65061.8,1,
677,ca,edge_case,1,2,1,165.3,137.3,21,69398.5,1,
678,ca,edge_case,1,3,19,164.1,137.4,19,63018.2,1,
679,ca,edge_case,1,4,25,166,137.5,25,82372.3,1,
680,ca,edge_case,1,5,25,184.1,153.3,45,133373,1,
681,ca,edge_case,2,1,0,167.5,138.1,20,65445,1,
682,ca,edge_case,2,2,1,165.3,136.7,21,69536.4,1,
683,ca,edge_case,2,3,19,178.7,137.4,19,60107.6,1,
684,ca,edge_case,2,4,25,173.7,138.8,25,80000,1,
685,ca,edge_case,2,5,25,182.2,152.8,45,134328,1,
686,ca,edge_case,3,1,0,167.8,137.4,20,65530.8,1,
687,ca,edge_case,3,2,1,164.7,152.5,21,66204.3,1,
688,ca,edge_case,3,3,19,164.8,136.2,19,63122.9,1,
689,ca,edge_case,3,4,25,164,136,25,83333.3,1,
690,ca,edge_case,3,5,25,192,153.8,45,130133,1,
691,ca,edge_case,4,1,0,166.8,137.5,20,65724.6,1,
692,ca,edge_case,4,2,1,166.6,136.2,21,69352.7,1,
693,ca,edge_case,4,3,19,164.1,137,19,63102,1,
694,ca,edge_case,4,4,25,167.7,137.1,25,82021,1,
695,ca,edge_case,4,5,25,182.5,152.6,45,134288,1,
696,ca,edge_case,5,1,0,180,138.2,20,62853.6,1,
697,ca,edge_case,5,2,1,165.7,136.4,21,69513.4,1,
698,ca,edge_case,5,3,19,164.8,136,19,63164.9,1,
699,ca,edge_case,5,4,25,163.1,148.1,25,80334.2,1,
700,ca,edge_case,5,5,25,182.2,152.8,45,134328,1,
701,nl,same_char,1,1,135,350.8,269.2,155,250000,1,
702,nl,same_char,1,2,186,387.5,345.7,206,280960,1,
703,nl,same_char,1,3,30,206.6,170.4,50,132626,1,
704,nl,same_char,1,4,219,429.1,397.5,239,289136,1,
705,nl,same_char,1,5,119,285.1,248.1,139,260690,1,
706,nl,same_char,2,1,163,353,315,183,273952,1,
707,nl,same_char,2,2,89,256.1,218.2,109,229812,1,
708,nl,same_char,2,3,158,338.9,308.6,178,274903,1,
709,nl,same_char,2,4,154,370.8,300.1,174,259353,1,
710,nl,same_char,2,5,59,226.5,187.7,79,190729,1,
711,nl,same_char,3,1,187,394.5,346.8,207,279239,1,
712,nl,same_char,3,2,87,338,387.5,107,147484,1,
713,nl,same_char,3,3,78,330.3,219,98,178409,1,
714,nl,same_char,3,4,172,354.7,313.2,192,287468,1,
715,nl,same_char,3,5,99,272.1,233.5,119,235364,1,
716,nl,same_char,4,1,186,388.6,349,206,279284,1,
717,nl,same_char,4,2,204,432,364,224,281407,1,
718,nl,same_char,4,3,192,472.3,350.4,212,257688,1,
719,nl,same_char,4,4,27,189.6,153.8,47,136867,1,
720,nl,same_char,4,5,121,294.4,251.7,141,258194,1,
721,nl,same_char,5,1,86,253.3,219.8,106,224054,1,
722,nl,same_char,5,2,200,417.6,364.6,220,281258,1,
723,nl,same_char,5,3,212,431.7,381.4,232,285328,1,
724,nl,same_char,5,4,34,227.5,241.2,54,115212,1,
725,nl,same_char,5,5,53,224.2,242.9,73,156283,1,
726,nl,alternating,1,1,98,269.6,234.3,118,234173,1,
727,nl,alternating,1,2,105,270.7,233.6,125,247868,1,
728,nl,alternating,1,3,115,285.2,250.2,135,252148,1,
729,nl,alternating,1,4,214,429.7,379.6,234,289139,1,
730,nl,alternating,1,5,130,301.7,266.1,150,264178,1,
731,nl,alternating,2,1,155,346.1,315.9,175,264350,1,
732,nl,alternating,2,2,60,231.8,187.6,80,190749,1,
733,nl,alternating,2,3,205,403.9,362.6,225,293542,1,
734,nl,alternating,2,4,188,393.3,345.9,208,281385,1,
735,nl,alternating,2,5,150,320.3,283,170,281784,1,
736,nl,alternating,3,1,24,212.9,252.7,44,94501.7,1,
737,nl,alternating,3,2,87,254.8,338.5,107,180347,1,
738,nl,alternating,3,3,36,202.1,169.1,56,150862,1,
739,nl,alternating,3,4,48,222.7,185.4,68,166626,1,
740,nl,alternating,3,5,53,215.6,186.3,73,181637,1,
741,nl,alternating,4,1,200,405,363.7,220,286197,1,
742,nl,alternating,4,2,100,279.1,233.1,120,234283,1,
743,nl,alternating,4,3,61,235.7,211.7,81,181046,1,
744,nl,alternating,4,4,156,360.5,358.2,176,244887,1,
745,nl,alternating,4,5,88,256.3,218.9,108,227273,1,
746,nl,alternating,5,1,44,200.3,170.6,64,172553,1,
747,nl,alternating,5,2,140,320.9,281.9,160,265428,1,
748,nl,alternating,5,3,156,336.6,308.1,176,272995,1,
749,nl,alternating,5,4,157,337.2,298.9,177,278258,1,
750,nl,alternating,5,5,173,401.5,360.2,193,253381,1,
751,nl,cyclic,1,1,173,368.1,314.2,193,282867,1,
752,nl,cyclic,1,2,69,233.6,202.3,89,204175,1,
753,nl,cyclic,1,3,180,366.8,331.9,200,286246,1,
754,nl,cyclic,1,4,172,360.6,313.6,192,284782,1,
755,nl,cyclic,1,5,20,189.3,153.7,40,116618,1,
756,nl,cyclic,2,1,41,201.4,169.9,61,164288,1,
757,nl,cyclic,2,2,116,416.3,252,136,203501,1,
758,nl,cyclic,2,3,116,287.1,249.5,136,253448,1,
759,nl,cyclic,2,4,127,309.5,266.3,147,255297,1,
760,nl,cyclic,2,5,210,421.7,431.2,230,269668,1,
761,nl,cyclic,3,1,147,328.2,283.3,167,273099,1,
762,nl,cyclic,3,2,56,248.8,200.4,76,169190,1,
763,nl,cyclic,3,3,25,300.6,274.7,45,78220.1,1,
764,nl,cyclic,3,4,105,296.9,235.1,125,234962,1,
765,nl,cyclic,3,5,191,387.4,346.1,211,287662,1,
766,nl,cyclic,4,1,155,336.6,306,175,272331,1,
767,nl,cyclic,4,2,214,422.7,378.2,234,292171,1,
768,nl,cyclic,4,3,59,217.7,185.4,79,195981,1,
769,nl,cyclic,4,4,200,408.1,363.3,220,285196,1,
770,nl,cyclic,4,5,110,282.1,248.8,130,244867,1,
771,nl,cyclic,5,1,33,199.2,169.9,53,143593,1,
772,nl,cyclic,5,2,138,300.9,266.3,158,278561,1,
773,nl,cyclic,5,3,43,299.4,200.6,63,126000,1,
774,nl,cyclic,5,4,177,372.8,329.5,197,280507,1,
775,nl,cyclic,5,5,24,182,152.6,44,131500,1,
776,nl,jumbled,1,1,78,271.4,235,114,225118,1,
777,nl,jumbled,1,2,199,455,452.1,255,281116,1,
778,nl,jumbled,1,3,195,437.7,394.2,252,302921,1,
779,nl,jumbled,1,4,66,255.3,227.4,99,205096,1,
780,nl,jumbled,1,5,68,249,217.1,101,216692,1,
781,nl,jumbled,2,1,95,301.1,250.5,129,233865,1,
782,nl,jumbled,2,2,85,279,235.5,124,241011,1,
783,nl,jumbled,2,3,129,322.4,282.9,166,274244,1,
784,nl,jumbled,2,4,66,233.7,202,96,220335,1,
785,nl,jumbled,2,5,217,671.9,948.7,283,174627,1,
786,nl,jumbled,3,1,117,306.1,267.6,155,270176,1,
787,nl,jumbled,3,2,44,229.8,204.2,74,170507,1,
788,nl,jumbled,3,3,88,268.5,233.8,125,248855,1,
789,nl,jumbled,3,4,202,452,411,254,294322,1,
790,nl,jumbled,3,5,121,321.4,282.3,160,265032,1,
791,nl,jumbled,4,1,147,353.8,314.5,190,284303,1,
792,nl,jumbled,4,2,99,321.6,249.3,138,241724,1,
793,nl,jumbled,4,3,28,240.7,171.5,54,131004,1,
794,nl,jumbled,4,4,83,469.3,315.7,116,147771,1,
795,nl,jumbled,4,5,51,222.5,186.4,80,195647,1,
796,nl,jumbled,5,1,134,358.4,300.1,174,264237,1,
797,nl,jumbled,5,2,189,439.6,392.8,246,295531,1,
798,nl,jumbled,5,3,125,338.6,297.9,173,271799,1,
799,nl,jumbled,5,4,122,332.2,282.2,160,260417,1,
800,nl,jumbled,5,5,65,251.4,216.9,98,209268,1,
801,nl,real_message,1,1,400,679.7,619.4,413,317912,1,
802,nl,real_message,1,2,400,671.2,615,413,321101,1,
803,nl,real_message,1,3,400,679.5,627.1,411,314557,1,
804,nl,real_message,1,4,400,679.6,615,412,318245,1,
805,nl,real_message,1,5,400,820.7,626.7,413,285339,1,
806,nl,real_message,2,1,400,677.5,622.4,413,317717,1,
807,nl,real_message,2,2,400,889.8,624,413,272823,1,
808,nl,real_message,2,3,400,673.6,617.9,411,318235,1,
809,nl,real_message,2,4,400,672.4,627.4,412,316972,1,
810,nl,real_message,2,5,400,707.2,620.1,413,311158,1,
811,nl,real_message,3,1,400,679,621.2,413,317643,1,
812,nl,real_message,3,2,400,691.3,664.6,413,304595,1,
813,nl,real_message,3,3,400,683.3,629.5,411,313071,1,
814,nl,real_message,3,4,400,755.5,693.1,412,284413,1,
815,nl,real_message,3,5,400,687.3,619.2,413,316112,1,
816,nl,real_message,4,1,400,678.5,691.7,413,301416,1,
817,nl,real_message,4,2,400,681.9,620.7,413,317058,1,
818,nl,real_message,4,3,400,751.8,632.3,411,296944,1,
819,nl,real_message,4,4,400,705.8,619.5,412,310873,1,
820,nl,real_message,4,5,400,674.2,620.4,413,319017,1,
821,nl,real_message,5,1,400,765.2,635.5,413,294853,1,
822,nl,real_message,5,2,400,682.7,620.6,413,316888,1,
823,nl,real_message,5,3,400,691.3,782.2,411,278928,1,
824,nl,real_message,5,4,400,688.1,617.3,412,315612,1,
825,nl,real_message,5,5,400,674.6,631.5,413,316209,1,
826,nl,repeated_phrase,1,1,44,205.1,170.7,64,170303,1,
827,nl,repeated_phrase,1,2,51,221.2,186.8,71,174020,1,
828,nl,repeated_phrase,1,3,156,409.3,354.1,176,230548,1,
829,nl,repeated_phrase,1,4,42,202.3,169,62,166981,1,
830,nl,repeated_phrase,1,5,157,389.4,299.5,177,256931,1,
831,nl,repeated_phrase,2,1,177,369.5,329.7,197,281751,1,
832,nl,repeated_phrase,2,2,123,285.2,267.9,143,258543,1,
833,nl,repeated_phrase,2,3,78,256.8,233.9,98,199715,1,
834,nl,repeated_phrase,2,4,183,367.1,328.9,203,291667,1,
835,nl,repeated_phrase,2,5,203,436.4,364.6,223,278402,1,
836,nl,repeated_phrase,3,1,67,234.6,201.5,87,199496,1,
837,nl,repeated_phrase,3,2,65,232.3,200.8,85,196260,1,
838,nl,repeated_phrase,3,3,157,335,297.7,177,279753,1,
839,nl,repeated_phrase,3,4,131,383.5,319.1,151,214916,1,
840,nl,repeated_phrase,3,5,46,237.2,186.8,66,155660,1,
841,nl,repeated_phrase,4,1,149,322.1,282.5,169,279524,1,
842,nl,repeated_phrase,4,2,20,184.9,152.9,40,118413,1,
843,nl,repeated_phrase,4,3,113,283.1,248.9,133,250000,1,
844,nl,repeated_phrase,4,4,115,281,248.6,135,254909,1,
845,nl,repeated_phrase,4,5,168,350.8,313.1,188,283175,1,
846,nl,repeated_phrase,5,1,59,221.4,187.8,79,193060,1,
847,nl,repeated_phrase,5,2,147,319.1,282,167,277824,1,
848,nl,repeated_phrase,5,3,144,346.2,350.1,164,235531,1,
849,nl,repeated_phrase,5,4,164,357.3,313.3,184,274381,1,
850,nl,repeated_phrase,5,5,181,368.9,328.9,201,288048,1,
851,nl,edge_case,1,1,0,170.3,138.5,20,64766.8,1,
852,nl,edge_case,1,2,1,167.6,161,21,63907.5,1,
853,nl,edge_case,1,3,19,175.3,139.4,19,60375,1,
854,nl,edge_case,1,4,25,248.4,141.8,25,64069.7,1,
855,nl,edge_case,1,5,25,187.4,153.4,45,132042,1,
856,nl,edge_case,2,1,0,171.4,138.4,20,64557.8,1,
857,nl,edge_case,2,2,1,166.5,136.8,21,69238.4,1,
858,nl,edge_case,2,3,19,175.6,138.5,19,60490.3,1,
859,nl,edge_case,2,4,25,162.7,136.5,25,83556.1,1,
860,nl,edge_case,2,5,25,182.2,174.5,45,126156,1,
861,nl,edge_case,3,1,0,167.9,138.4,20,65295.5,1,
862,nl,edge_case,3,2,1,166.6,137.3,21,69101.7,1,
863,nl,edge_case,3,3,19,161.8,137.2,19,63545.2,1,
864,nl,edge_case,3,4,25,165,136.8,25,82836.3,1,
865,nl,edge_case,3,5,25,182.2,153.3,45,134128,1,
866,nl,edge_case,4,1,0,166.7,159.6,20,61293.3,1,
867,nl,edge_case,4,2,1,165,136.7,21,69605.6,1,
868,nl,edge_case,4,3,19,163.7,136.3,19,63333.3,1,
869,nl,edge_case,4,4,25,163.9,136.3,25,83277.8,1,
870,nl,edge_case,4,5,25,180.5,152.2,45,135257,1,
871,nl,edge_case,5,1,0,168.4,138.3,20,65210.3,1,
872,nl,edge_case,5,2,1,187.8,167.9,21,59038.5,1,
873,nl,edge_case,5,3,19,167.7,137.1,19,62336,1,
874,nl,edge_case,5,4,25,162.4,137,25,83500.3,1,
875,nl,edge_case,5,5,25,188.6,187.6,45,119617,1,
876,pt,same_char,1,1,100,283.5,235.1,120,231392,1,
877,pt,same_char,1,2,177,367.7,329.6,197,282518,1,
878,pt,same_char,1,3,56,216.3,186.6,76,188632,1,
879,pt,same_char,1,4,218,416.7,385.1,238,296832,1,
880,pt,same_char,1,5,184,393.1,329.4,204,282353,1,
881,pt,same_char,2,1,28,187.4,156.2,48,139697,1,
882,pt,same_char,2,2,52,236.3,187.6,72,169851,1,
883,pt,same_char,2,3,65,237.3,237,85,179211,1,
884,pt,same_char,2,4,86,253.8,217.2,106,225053,1,
885,pt,same_char,2,5,162,333,308.6,182,283666,1,
886,pt,same_char,3,1,43,200.1,169.8,63,170316,1,
887,pt,same_char,3,2,127,345.2,325.2,147,219272,1,
888,pt,same_char,3,3,38,216.3,171.2,58,149677,1,
889,pt,same_char,3,4,185,375.1,329.8,205,290821,1,
890,pt,same_char,3,5,164,351.4,312.9,184,276983,1,
891,pt,same_char,4,1,149,320.3,282.2,169,280498,1,
892,pt,same_char,4,2,67,235.3,202,87,198948,1,
893,pt,same_char,4,3,162,337.8,297.2,182,286614,1,
894,pt,same_char,4,4,196,401.2,349.6,216,287693,1,
895,pt,same_char,4,5,120,283.4,258.8,140,258207,1,
896,pt,same_char,5,1,179,367.7,332.7,199,284123,1,
897,pt,same_char,5,2,67,246.6,202.1,87,193893,1,
898,pt,same_char,5,3,100,267.7,243.7,120,234650,1,
899,pt,same_char,5,4,116,357.9,251.9,136,223024,1,
900,pt,same_char,5,5,67,285.3,203.2,87,178096,1,
901,pt,alternating,1,1,78,252.3,217.6,98,208555,1,
902,pt,alternating,1,2,162,335.8,297.2,182,287520,1,
903,pt,alternating,1,3,93,267.5,232.3,113,226090,1,
904,pt,alternating,1,4,164,354.5,322.3,184,271868,1,
905,pt,alternating,1,5,98,345,234.3,118,203694,1,
906,pt,alternating,2,1,155,421.8,301.6,175,241913,1,
907,pt,alternating,2,2,50,221.9,186.5,70,171401,1,
908,pt,alternating,2,3,141,328,282.2,161,263848,1,
909,pt,alternating,2,4,109,284.7,249.4,129,241528,1,
910,pt,alternating,2,5,66,233.4,201.5,86,197747,1,
911,pt,alternating,3,1,215,428.9,379.8,235,290590,1,
912,pt,alternating,3,2,34,253.9,200.9,54,118734,1,
913,pt,alternating,3,3,61,279.6,223.6,81,160970,1,
914,pt,alternating,3,4,98,272.8,233.3,118,233156,1,
915,pt,alternating,3,5,183,368.5,374,203,273401,1,
916,pt,alternating,4,1,86,256.4,218.3,106,223299,1,
917,pt,alternating,4,2,182,375.8,343.5,202,280829,1,
918,pt,alternating,4,3,154,337.6,298.4,174,273585,1,
919,pt,alternating,4,4,118,516.4,335.9,138,161915,1,
920,pt,alternating,4,5,68,235.2,201.8,88,201373,1,
921,pt,alternating,5,1,99,268.5,234.8,119,236439,1,
922,pt,alternating,5,2,86,248.8,218,106,227078,1,
923,pt,alternating,5,3,153,388.1,301.5,173,250870,1,
924,pt,alternating,5,4,122,283.6,250.8,142,265719,1,
925,pt,alternating,5,5,153,344.5,299.2,173,268759,1,
926,pt,cyclic,1,1,190,392.4,347.5,210,283822,1,
927,pt,cyclic,1,2,170,352.2,323.8,190,281065,1,
928,pt,cyclic,1,3,147,326.6,282.1,167,274355,1,
929,pt,cyclic,1,4,81,250.5,217.3,101,215904,1,
930,pt,cyclic,1,5,123,284.5,249,143,268041,1,
931,pt,cyclic,2,1,105,275.1,235.3,125,244906,1,
932,pt,cyclic,2,2,198,408.5,363,218,282566,1,
933,pt,cyclic,2,3,207,472.9,366.3,227,270496,1,
934,pt,cyclic,2,4,129,304.6,266.5,149,260900,1,
935,pt,cyclic,2,5,114,283.2,248.7,134,251927,1,
936,pt,cyclic,3,1,65,234.7,202.6,85,194375,1,
937,pt,cyclic,3,2,200,415,363.6,220,282558,1,
938,pt,cyclic,3,3,58,218,185.9,78,193117,1,
939,pt,cyclic,3,4,70,294.3,226.2,90,172911,1,
940,pt,cyclic,3,5,45,222.9,201.2,65,153266,1,
941,pt,cyclic,4,1,123,282.9,249,143,268848,1,
942,pt,cyclic,4,2,67,232.3,200.2,87,201156,1,
943,pt,cyclic,4,3,192,384.3,344.2,212,291009,1,
944,pt,cyclic,4,4,198,415.4,362.6,218,280206,1,
945,pt,cyclic,4,5,124,293.1,249.6,144,265340,1,
946,pt,cyclic,5,1,126,306.5,268.1,146,254090,1,
947,pt,cyclic,5,2,114,284.9,249.5,134,250749,1,
948,pt,cyclic,5,3,132,303.2,266,152,267041,1,
949,pt,cyclic,5,4,199,607.5,392.2,219,219066,1,
950,pt,cyclic,5,5,97,279.6,236.9,117,226525,1,
951,pt,jumbled,1,1,91,270.7,234.6,125,247378,1,
952,pt,jumbled,1,2,151,369.6,329.4,203,290415,1,
953,pt,jumbled,1,3,93,295,250.2,131,240279,1,
954,pt,jumbled,1,4,162,537.2,348.1,211,238337,1,
955,pt,jumbled,1,5,200,462.6,412.3,257,293748,1,
956,pt,jumbled,2,1,143,368,315.5,187,273592,1,
957,pt,jumbled,2,2,72,266.7,218.5,102,210223,1,
958,pt,jumbled,2,3,156,385.2,346.6,208,284231,1,
959,pt,jumbled,2,4,103,283.1,262.5,135,247434,1,
960,pt,jumbled,2,5,175,418.3,364.1,227,290133,1,
961,pt,jumbled,3,1,93,285.8,250.6,135,251678,1,
962,pt,jumbled,3,2,84,283.8,233.5,117,226174,1,
963,pt,jumbled,3,3,108,283.1,248.2,142,267269,1,
964,pt,jumbled,3,4,130,343.8,298.2,175,272586,1,
965,pt,jumbled,3,5,194,434.7,424.5,253,294460,1,
966,pt,jumbled,4,1,66,241.7,203.8,92,206510,1,
967,pt,jumbled,4,2,134,343.6,299.6,180,279851,1,
968,pt,jumbled,4,3,103,293.8,251.2,139,255046,1,
969,pt,jumbled,4,4,180,420.9,379.7,237,296028,1,
970,pt,jumbled,4,5,23,199.9,169.7,49,132576,1,
971,pt,jumbled,5,1,21,184.1,229.9,45,108696,1,
972,pt,jumbled,5,2,55,244,202.4,84,188172,1,
973,pt,jumbled,5,3,73,254.2,219.3,109,230201,1,
974,pt,jumbled,5,4,78,269.7,233.5,119,236486,1,
975,pt,jumbled,5,5,170,412.7,362.6,224,288920,1,
976,pt,real_message,1,1,400,688.9,620.2,410,313192,1,
977,pt,real_message,1,2,400,684.4,628.1,408,310857,1,
978,pt,real_message,1,3,400,657,1146.7,407,225647,1,
979,pt,real_message,1,4,400,758.6,634.6,409,293569,1,
980,pt,real_message,1,5,400,680.8,619.3,410,315360,1,
981,pt,real_message,2,1,400,678.8,633,410,312548,1,
982,pt,real_message,2,2,400,681.8,628.8,408,311308,1,
983,pt,real_message,2,3,400,703.8,612.4,407,309224,1,
984,pt,real_message,2,4,400,790.5,622.4,409,289476,1,
985,pt,real_message,2,5,400,678.9,618.8,410,315944,1,
986,pt,real_message,3,1,400,681.5,686.4,410,299730,1,
987,pt,real_message,3,2,400,682.1,621,408,313100,1,
988,pt,real_message,3,3,400,672.1,614.5,407,316338,1,
989,pt,real_message,3,4,400,694.7,621.9,409,310649,1,
990,pt,real_message,3,5,400,680.4,630.4,410,312786,1,
991,pt,real_message,4,1,400,741.1,779.3,410,269666,1,
992,pt,real_message,4,2,400,675.9,616.8,408,315618,1,
993,pt,real_message,4,3,400,666.1,611.2,407,318641,1,
994,pt,real_message,4,4,400,690.1,618.7,409,312500,1,
995,pt,real_message,4,5,400,677.8,617.7,410,316480,1,
996,pt,real_message,5,1,400,796.1,930.1,410,237516,1,
997,pt,real_message,5,2,400,684.5,628.5,408,310739,1,
998,pt,real_message,5,3,400,662.9,601.2,407,321968,1,
999,pt,real_message,5,4,400,848.9,1188.7,409,200726,1,
1000,pt,real_message,5,5,400,695.5,619.2,410,311858,1,
1001,pt,repeated_phrase,1,1,153,410.9,300.4,173,243217,1,
1002,pt,repeated_phrase,1,2,197,398,346.4,217,291510,1,
1003,pt,repeated_phrase,1,3,34,200.6,169.6,54,145867,1,
1004,pt,repeated_phrase,1,4,135,302.7,266.4,155,272360,1,
1005,pt,repeated_phrase,1,5,70,231.9,201.5,90,207660,1,
1006,pt,repeated_phrase,2,1,130,302.4,266.7,150,263574,1,
1007,pt,repeated_phrase,2,2,101,303.7,235.3,121,224490,1,
1008,pt,repeated_phrase,2,3,33,200.3,169,53,143515,1,
1009,pt,repeated_phrase,2,4,112,291.9,262.7,132,238009,1,
1010,pt,repeated_phrase,2,5,153,337.1,298.2,173,272312,1,
1011,pt,repeated_phrase,3,1,60,218.3,186.8,80,197482,1,
1012,pt,repeated_phrase,3,2,130,301.5,266.1,150,264271,1,
1013,pt,repeated_phrase,3,3,140,326.3,281.2,160,263374,1,
1014,pt,repeated_phrase,3,4,63,241.3,201,83,187655,1,
1015,pt,repeated_phrase,3,5,148,651.2,454.4,168,151954,1,
1016,pt,repeated_phrase,4,1,176,374.3,330.3,196,278172,1,
1017,pt,repeated_phrase,4,2,98,264.8,233.2,118,236948,1,
1018,pt,repeated_phrase,4,3,196,383.1,537.7,216,234579,1,
1019,pt,repeated_phrase,4,4,90,254.5,218.7,110,232460,1,
1020,pt,repeated_phrase,4,5,55,220.5,264.2,75,154735,1,
1021,pt,repeated_phrase,5,1,212,431.8,379.2,232,286067,1,
1022,pt,repeated_phrase,5,2,195,385.7,345.5,215,294037,1,
1023,pt,repeated_phrase,5,3,133,301.3,276.7,153,264706,1,
1024,pt,repeated_phrase,5,4,22,183.5,153.5,42,124629,1,
1025,pt,repeated_phrase,5,5,93,267.2,233.1,113,225864,1,
1026,pt,edge_case,1,1,0,169.1,138.4,20,65040.7,1,
1027,pt,edge_case,1,2,1,164.7,151.8,21,66350.7,1,
1028,pt,edge_case,1,3,19,166,136.9,19,62727,1,
1029,pt,edge_case,1,4,25,163.2,136.4,25,83444.6,1,
1030,pt,edge_case,1,5,25,192.4,154.3,45,129795,1,
1031,pt,edge_case,2,1,0,181.7,138.7,20,62422,1,
1032,pt,edge_case,2,2,1,167.2,137.2,21,68988.2,1,
1033,pt,edge_case,2,3,19,164.4,136.9,19,63060.1,1,
1034,pt,edge_case,2,4,25,164,149.2,25,79821.2,1,
1035,pt,edge_case,2,5,25,181.2,153.2,45,134569,1,
1036,pt,edge_case,3,1,0,167.8,139,20,65189,1,
1037,pt,edge_case,3,2,1,163.5,137.8,21,69698,1,
1038,pt,edge_case,3,3,19,165.3,138.3,19,62582.3,1,
1039,pt,edge_case,3,4,25,167,138.4,25,81859.9,1,
1040,pt,edge_case,3,5,25,184.2,153.5,45,133254,1,
1041,pt,edge_case,4,1,0,166.6,138.1,20,65638.3,1,
1042,pt,edge_case,4,2,1,161.5,136.9,21,70375.3,1,
1043,pt,edge_case,4,3,19,174.9,138.7,19,60586.7,1,
1044,pt,edge_case,4,4,25,165.9,136.3,25,82726.7,1,
1045,pt,edge_case,4,5,25,197.9,153.3,45,128132,1,
1046,pt,edge_case,5,1,0,166.5,150.8,20,63031.8,1,
1047,pt,edge_case,5,2,1,183.9,137.2,21,65400.2,1,
1048,pt,edge_case,5,3,19,170.2,136.9,19,61869.1,1,
1049,pt,edge_case,5,4,25,166,136.8,25,82562.7,1,
1050,pt,edge_case,5,5,25,183.4,153.5,45,133571,1,
1051,fr,same_char,1,1,203,419.5,363.8,223,284693,1,
1052,fr,same_char,1,2,132,303.4,265.8,152,267041,1,
1053,fr,same_char,1,3,43,199.5,172.2,63,169492,1,
1054,fr,same_char,1,4,106,274.5,233.9,126,247836,1,
1055,fr,same_char,1,5,30,199.4,169,50,135722,1,
1056,fr,same_char,2,1,201,550.3,425.7,221,226434,1,
1057,fr,same_char,2,2,137,309.1,267,157,272522,1,
1058,fr,same_char,2,3,40,249.6,169.8,60,143062,1,
1059,fr,same_char,2,4,72,234.3,201.5,92,211106,1,
1060,fr,same_char,2,5,49,229.7,187.4,69,165428,1,
1061,fr,same_char,3,1,192,385.8,346.6,212,289459,1,
1062,fr,same_char,3,2,197,385.1,345.2,217,297138,1,
1063,fr,same_char,3,3,39,206.4,171.9,59,155961,1,
1064,fr,same_char,3,4,173,349.8,314.2,193,290663,1,
1065,fr,same_char,3,5,211,422.2,378.3,231,288570,1,
1066,fr,same_char,4,1,53,221.5,186.9,73,178746,1,
1067,fr,same_char,4,2,59,256.9,202.9,79,171814,1,
1068,fr,same_char,4,3,43,203.4,169.3,63,169037,1,
1069,fr,same_char,4,4,140,316.5,280.6,160,267962,1,
1070,fr,same_char,4,5,195,407.6,346.2,215,285222,1,
1071,fr,same_char,5,1,36,199.2,169.8,56,151762,1,
1072,fr,same_char,5,2,184,400.4,339.1,204,275862,1,
1073,fr,same_char,5,3,166,352.2,312.8,186,279699,1,
1074,fr,same_char,5,4,199,411.5,362.7,219,282873,1,
1075,fr,same_char,5,5,190,458.4,382.8,210,249643,1,
1076,fr,alternating,1,1,184,367.6,386.7,204,270449,1,
1077,fr,alternating,1,2,42,202.8,170.4,62,166131,1,
1078,fr,alternating,1,3,182,363.4,327.9,202,292203,1,
1079,fr,alternating,1,4,28,180.8,152.4,48,144058,1,
1080,fr,alternating,1,5,181,367.1,327.8,201,289250,1,
1081,fr,alternating,2,1,40,203.8,170.3,60,160385,1,
1082,fr,alternating,2,2,120,283.5,249,140,262911,1,
1083,fr,alternating,2,3,76,332.8,213,96,175889,1,
1084,fr,alternating,2,4,152,340,297.9,172,269635,1,
1085,fr,alternating,2,5,88,251.5,217.5,108,230277,1,
1086,fr,alternating,3,1,139,316.7,281.4,159,265842,1,
1087,fr,alternating,3,2,120,297.5,249.8,140,255801,1,
1088,fr,alternating,3,3,201,446,380.5,221,267393,1,
1089,fr,alternating,3,4,178,376.8,331.4,198,279582,1,
1090,fr,alternating,3,5,195,386.1,345.1,215,294037,1,
1091,fr,alternating,4,1,195,386.4,346,215,293555,1,
1092,fr,alternating,4,2,185,367.8,354.7,205,283737,1,
1093,fr,alternating,4,3,125,304.9,265.7,145,254118,1,
1094,fr,alternating,4,4,176,373.6,330.4,196,278409,1,
1095,fr,alternating,4,5,143,316,280.5,163,273261,1,
1096,fr,alternating,5,1,23,184.6,154,43,126994,1,
1097,fr,alternating,5,2,80,252.3,217.6,100,212811,1,
1098,fr,alternating,5,3,150,315.1,292.9,170,279605,1,
1099,fr,alternating,5,4,117,303.9,251.1,137,246847,1,
1100,fr,alternating,5,5,81,287.3,218.5,101,199684,1,
1101,fr,cyclic,1,1,144,317.4,291.5,164,269338,1,
1102,fr,cyclic,1,2,151,336.6,298.6,171,269207,1,
1103,fr,cyclic,1,3,196,387.5,345.3,216,294760,1,
1104,fr,cyclic,1,4,193,383.3,346.3,213,291941,1,
1105,fr,cyclic,1,5,43,298.9,187.4,63,129550,1,
1106,fr,cyclic,2,1,114,286.3,252.4,134,248747,1,
1107,fr,cyclic,2,2,148,318.6,284,168,278792,1,
1108,fr,cyclic,2,3,91,252.6,218.7,111,235519,1,
1109,fr,cyclic,2,4,124,850.1,307.1,144,124438,1,
1110,fr,cyclic,2,5,122,314.4,250.8,142,251238,1,
1111,fr,cyclic,3,1,84,264.5,220.1,104,214610,1,
1112,fr,cyclic,3,2,213,423.5,380.5,233,289801,1,
1113,fr,cyclic,3,3,97,269,234,117,232604,1,
1114,fr,cyclic,3,4,133,301.1,264.9,153,270318,1,
1115,fr,cyclic,3,5,122,280.5,249.2,142,268076,1,
1116,fr,cyclic,4,1,85,325.3,263.6,105,178299,1,
1117,fr,cyclic,4,2,45,251.9,190,65,147092,1,
1118,fr,cyclic,4,3,200,416.8,420.3,220,262812,1,
1119,fr,cyclic,4,4,196,388.5,346.8,216,293758,1,
1120,fr,cyclic,4,5,216,421.4,378.1,236,295184,1,
1121,fr,cyclic,5,1,150,323.8,294,170,275170,1,
1122,fr,cyclic,5,2,46,227.6,200.6,66,154134,1,
1123,fr,cyclic,5,3,31,215.1,168.7,51,132882,1,
1124,fr,cyclic,5,4,191,384,346.2,211,288962,1,
1125,fr,cyclic,5,5,175,368.6,328.1,195,279891,1,
1126,fr,jumbled,1,1,77,265.1,218.4,111,229576,1,
1127,fr,jumbled,1,2,89,276.3,301.8,124,214496,1,
1128,fr,jumbled,1,3,205,487.6,410.7,262,291662,1,
1129,fr,jumbled,1,4,84,272.2,233.3,118,233432,1,
1130,fr,jumbled,1,5,121,317.1,281.6,159,265575,1,
1131,fr,jumbled,2,1,142,355.1,315.3,187,278938,1,
1132,fr,jumbled,2,2,59,233.4,212.6,91,204036,1,
1133,fr,jumbled,2,3,117,303.6,265.8,157,275729,1,
1134,fr,jumbled,2,4,104,289.3,260.9,144,261723,1,
1135,fr,jumbled,2,5,147,359.8,315.5,189,279876,1,
1136,fr,jumbled,3,1,82,268.7,233.6,122,242883,1,
1137,fr,jumbled,3,2,187,438.7,394.9,244,292706,1,
1138,fr,jumbled,3,3,149,370.2,330,199,284205,1,
1139,fr,jumbled,3,4,85,267.4,233.2,123,245705,1,
1140,fr,jumbled,3,5,46,357.6,274.4,72,113924,1,
1141,fr,jumbled,4,1,31,216.5,170.9,59,152297,1,
1142,fr,jumbled,4,2,92,284.6,250.3,130,243036,1,
1143,fr,jumbled,4,3,45,218.1,186.6,76,187793,1,
1144,fr,jumbled,4,4,121,324.7,283.3,168,276316,1,
1145,fr,jumbled,4,5,25,192.2,154.7,47,135486,1,
1146,fr,jumbled,5,1,126,318.6,282,168,279720,1,
1147,fr,jumbled,5,2,114,538.3,422.7,156,162331,1,
1148,fr,jumbled,5,3,158,376.8,375.4,203,269875,1,
1149,fr,jumbled,5,4,35,208.7,170.6,62,163459,1,
1150,fr,jumbled,5,5,77,252.8,217.3,107,227611,1,
1151,fr,real_message,1,1,400,690.1,620.1,410,312929,1,
1152,fr,real_message,1,2,400,687,621.3,411,314148,1,
1153,fr,real_message,1,3,400,691.6,629.5,411,311104,1,
1154,fr,real_message,1,4,400,655.7,609.5,407,321688,1,
1155,fr,real_message,1,5,400,672.5,602.6,407,319191,1,
1156,fr,real_message,2,1,400,679.1,627.6,410,313768,1,
1157,fr,real_message,2,2,400,687.7,632.1,411,311411,1,
1158,fr,real_message,2,3,400,689,619.5,411,314100,1,
1159,fr,real_message,2,4,400,670.6,603.1,407,319541,1,
1160,fr,real_message,2,5,400,673.5,603.9,407,318616,1,
1161,fr,real_message,3,1,400,682.1,618.9,410,315142,1,
1162,fr,real_message,3,2,400,819.9,775.2,411,257664,1,
1163,fr,real_message,3,3,400,680,627.7,411,314292,1,
1164,fr,real_message,3,4,400,663.3,601.6,407,321765,1,
1165,fr,real_message,3,5,400,670.7,611.3,407,317473,1,
1166,fr,real_message,4,1,400,675,618.7,410,316920,1,
1167,fr,real_message,4,2,400,697.8,633.2,411,308790,1,
1168,fr,real_message,4,3,400,676,628,411,315184,1,
1169,fr,real_message,4,4,400,688.5,721.2,407,288714,1,
1170,fr,real_message,4,5,400,669.8,611.6,407,317621,1,
1171,fr,real_message,5,1,400,684.9,770.6,410,281690,1,
1172,fr,real_message,5,2,400,689.8,620.3,411,313717,1,
1173,fr,real_message,5,3,400,672.2,617.9,411,318580,1,
1174,fr,real_message,5,4,400,662.6,602.4,407,321739,1,
1175,fr,real_message,5,5,400,663.3,611.9,407,319166,1,
1176,fr,repeated_phrase,1,1,62,234.3,202.4,82,187772,1,
1177,fr,repeated_phrase,1,2,215,882.4,395.5,235,183895,1,
1178,fr,repeated_phrase,1,3,195,434.6,363.3,215,269457,1,
1179,fr,repeated_phrase,1,4,50,239.6,186.7,70,164204,1,
1180,fr,repeated_phrase,1,5,187,386.5,346.7,207,282324,1,
1181,fr,repeated_phrase,2,1,165,354.2,462.9,185,226410,1,
1182,fr,repeated_phrase,2,2,26,188.3,153.5,46,134582,1,
1183,fr,repeated_phrase,2,3,97,267,233.7,117,233673,1,
1184,fr,repeated_phrase,2,4,189,385.7,391.4,209,268949,1,
1185,fr,repeated_phrase,2,5,133,315.7,266,153,263022,1,
1186,fr,repeated_phrase,3,1,207,414.5,362.6,227,292112,1,
1187,fr,repeated_phrase,3,2,36,337.3,295.5,56,88495.6,1,
1188,fr,repeated_phrase,3,3,156,346.3,314.7,176,266263,1,
1189,fr,repeated_phrase,3,4,218,421.6,378.2,238,297574,1,
1190,fr,repeated_phrase,3,5,211,429.5,379.5,231,285538,1,
1191,fr,repeated_phrase,4,1,75,234.3,206.6,95,215468,1,
1192,fr,repeated_phrase,4,2,102,275.2,234.8,122,239216,1,
1193,fr,repeated_phrase,4,3,164,353.5,313.8,184,275738,1,
1194,fr,repeated_phrase,4,4,55,217.9,197.4,75,180592,1,
1195,fr,repeated_phrase,4,5,81,250.2,217.6,101,215904,1,
1196,fr,repeated_phrase,5,1,218,443.4,381.2,238,288625,1,
1197,fr,repeated_phrase,5,2,148,318,576.1,168,187898,1,
1198,fr,repeated_phrase,5,3,161,362.6,300.6,181,272919,1,
1199,fr,repeated_phrase,5,4,201,406.1,363.6,221,287125,1,
1200,fr,repeated_phrase,5,5,65,234,211.5,85,190797,1,
1201,fr,edge_case,1,1,0,172.4,138.1,20,64412.2,1,
1202,fr,edge_case,1,2,1,171.6,153,21,64695,1,
1203,fr,edge_case,1,3,19,172,137.2,19,61448.9,1,
1204,fr,edge_case,1,4,25,166.9,136.9,25,82291,1,
1205,fr,edge_case,1,5,25,186.2,153.6,45,132431,1,
1206,fr,edge_case,2,1,0,170.3,138.6,20,64745.9,1,
1207,fr,edge_case,2,2,1,166.1,137.3,21,69215.6,1,
1208,fr,edge_case,2,3,19,178.7,137.6,19,60069.6,1,
1209,fr,edge_case,2,4,25,165.8,137.2,25,82508.3,1,
1210,fr,edge_case,2,5,25,181.3,152.9,45,134650,1,
1211,fr,edge_case,3,1,0,166.7,137.3,20,65789.5,1,
1212,fr,edge_case,3,2,1,163.8,136.2,21,70000,1,
1213,fr,edge_case,3,3,19,165.5,136.7,19,62872.3,1,
1214,fr,edge_case,3,4,25,164.6,136.2,25,83111.7,1,
1215,fr,edge_case,3,5,25,181.6,152.5,45,134690,1,
1216,fr,edge_case,4,1,0,167,137.3,20,65724.6,1,
1217,fr,edge_case,4,2,1,165.6,151,21,66329.8,1,
1218,fr,edge_case,4,3,19,165.7,136.6,19,62851.5,1,
1219,fr,edge_case,4,4,25,221.7,137.3,25,69637.9,1,
1220,fr,edge_case,4,5,25,195.7,178.2,45,120353,1,
1221,fr,edge_case,5,1,0,167.4,153.1,20,62402.5,1,
1222,fr,edge_case,5,2,1,166.6,136.7,21,69238.4,1,
1223,fr,edge_case,5,3,19,164.3,136.1,19,63249,1,
1224,fr,edge_case,5,4,25,164.9,173.1,25,73964.5,1,
1225,fr,edge_case,5,5,25,350.7,287.6,45,70499.8,1,
1226,it,same_char,1,1,147,323.1,283.3,167,275396,1,
1227,it,same_char,1,2,148,316.5,281.5,168,280936,1,
1228,it,same_char,1,3,200,408.4,362.9,220,285233,1,
1229,it,same_char,1,4,136,324.9,268.9,156,262715,1,
1230,it,same_char,1,5,28,192.4,156.4,48,137615,1,
1231,it,same_char,2,1,167,358.2,314.8,187,277860,1,
1232,it,same_char,2,2,120,283.5,258.4,140,258350,1,
1233,it,same_char,2,3,198,417.4,362.6,218,279487,1,
1234,it,same_char,2,4,49,220.9,197.7,69,164835,1,
1235,it,same_char,2,5,143,418.2,305.5,163,225231,1,
1236,it,same_char,3,1,195,396.1,347.1,215,289290,1,
1237,it,same_char,3,2,101,267.1,233.1,121,241903,1,
1238,it,same_char,3,3,164,392.4,314.5,184,260291,1,
1239,it,same_char,3,4,118,293.1,252.8,138,252794,1,
1240,it,same_char,3,5,214,649.2,388.9,234,225412,1,
1241,it,same_char,4,1,198,567.2,369.7,218,232682,1,
1242,it,same_char,4,2,116,285.6,249.2,136,254301,1,
1243,it,same_char,4,3,135,300.2,265.4,155,274045,1,
1244,it,same_char,4,4,122,294.1,255.5,142,258370,1,
1245,it,same_char,4,5,124,287.4,249,144,268456,1,
1246,it,same_char,5,1,46,222.7,187.6,66,160858,1,
1247,it,same_char,5,2,26,184.4,153.5,46,136135,1,
1248,it,same_char,5,3,155,336.6,298.5,175,275547,1,
1249,it,same_char,5,4,65,232.8,217.2,85,188889,1,
1250,it,same_char,5,5,171,352.1,313.6,191,286916,1,
1251,it,alternating,1,1,104,267.4,233.6,124,247505,1,
1252,it,alternating,1,2,25,192.7,154.4,45,129646,1,
1253,it,alternating,1,3,157,402.9,315.9,177,246244,1,
1254,it,alternating,1,4,187,395,345.9,207,279390,1,
1255,it,alternating,1,5,120,284.7,258.8,140,257590,1,
1256,it,alternating,2,1,52,217.9,186.4,72,178086,1,
1257,it,alternating,2,2,39,211.1,170.7,59,154531,1,
1258,it,alternating,2,3,23,183.1,152.1,43,128282,1,
1259,it,alternating,2,4,93,355.7,233.8,113,191688,1,
1260,it,alternating,2,5,145,318.5,280.8,165,275321,1,
1261,it,alternating,3,1,196,389.9,346.8,216,293199,1,
1262,it,alternating,3,2,174,377.3,329.2,194,274593,1,
1263,it,alternating,3,3,34,206.8,169.3,54,143579,1,
1264,it,alternating,3,4,186,384.3,346.4,206,281921,1,
1265,it,alternating,3,5,44,205.5,170.9,64,170032,1,
1266,it,alternating,4,1,31,199.7,171.2,51,137503,1,
1267,it,alternating,4,2,170,360.9,330.6,190,274765,1,
1268,it,alternating,4,3,192,389,344.7,212,288946,1,
1269,it,alternating,4,4,131,303.6,275.5,151,260749,1,
1270,it,alternating,4,5,67,231.4,210.7,87,196788,1,
1271,it,alternating,5,1,66,235.1,202.2,86,196661,1,
1272,it,alternating,5,2,184,369.4,329.6,204,291845,1,
1273,it,alternating,5,3,78,276.4,219.3,98,197700,1,
1274,it,alternating,5,4,100,269,233.3,120,238901,1,
1275,it,alternating,5,5,26,184.9,153,46,136135,1,
1276,it,cyclic,1,1,33,200.6,169.7,53,143127,1,
1277,it,cyclic,1,2,157,337.3,298.3,177,278477,1,
1278,it,cyclic,1,3,153,333,318.3,173,265623,1,
1279,it,cyclic,1,4,198,404.1,361.6,218,284707,1,
1280,it,cyclic,1,5,63,283,226.7,83,162841,1,
1281,it,cyclic,2,1,83,253.6,217.9,103,218452,1,
1282,it,cyclic,2,2,116,282.4,248.7,136,256072,1,
1283,it,cyclic,2,3,187,383.8,346.3,207,283523,1,
1284,it,cyclic,2,4,28,180.4,153.5,48,143756,1,
1285,it,cyclic,2,5,90,248,216.9,110,236610,1,
1286,it,cyclic,3,1,166,399.8,314.5,186,260395,1,
1287,it,cyclic,3,2,131,311.1,266.4,151,261472,1,
1288,it,cyclic,3,3,69,234.5,201.4,89,204175,1,
1289,it,cyclic,3,4,78,253.5,217.9,98,207891,1,
1290,it,cyclic,3,5,80,249,216.5,100,214823,1,
1291,it,cyclic,4,1,97,267.4,234,117,233347,1,
1292,it,cyclic,4,2,208,402.8,376.9,228,292420,1,
1293,it,cyclic,4,3,145,318.6,280.8,165,275275,1,
1294,it,cyclic,4,4,176,478.9,340,196,239345,1,
1295,it,cyclic,4,5,186,417.2,346,206,269916,1,
1296,it,cyclic,5,1,30,228.9,171.1,50,125000,1,
1297,it,cyclic,5,2,81,268,217.9,101,207862,1,
1298,it,cyclic,5,3,197,392,345,217,294437,1,
1299,it,cyclic,5,4,64,228.8,201.3,84,195303,1,
1300,it,cyclic,5,5,205,413.7,362.8,225,289762,1,
1301,it,jumbled,1,1,126,320.7,296.5,169,273817,1,
1302,it,jumbled,1,2,148,370.9,329.4,201,287020,1,
1303,it,jumbled,1,3,95,284.1,249.3,133,249344,1,
1304,it,jumbled,1,4,173,423,380,230,286426,1,
1305,it,jumbled,1,5,82,275.4,235.1,122,238981,1,
1306,it,jumbled,2,1,162,389.2,346.4,209,284122,1,
1307,it,jumbled,2,2,65,245.2,201.8,96,214765,1,
1308,it,jumbled,2,3,53,232.6,201.4,82,188940,1,
1309,it,jumbled,2,4,97,292.5,250.5,133,244936,1,
1310,it,jumbled,2,5,52,221.3,186.9,79,193533,1,
1311,it,jumbled,3,1,33,196.8,235.2,58,134259,1,
1312,it,jumbled,3,2,129,346.5,299.3,173,267885,1,
1313,it,jumbled,3,3,83,285.3,234.8,122,234570,1,
1314,it,jumbled,3,4,29,240.6,168.9,54,131868,1,
1315,it,jumbled,3,5,102,282.9,249.5,140,262960,1,
1316,it,jumbled,4,1,91,268.9,233.6,127,252736,1,
1317,it,jumbled,4,2,65,247.9,201.8,95,211252,1,
1318,it,jumbled,4,3,51,241.4,201,84,189873,1,
1319,it,jumbled,4,4,102,284.1,379,140,211130,1,
1320,it,jumbled,4,5,117,312.7,267.6,155,267103,1,
1321,it,jumbled,5,1,113,303.1,267.3,154,269986,1,
1322,it,jumbled,5,2,24,184.5,153.2,45,133254,1,
1323,it,jumbled,5,3,109,309.2,265.7,152,264394,1,
1324,it,jumbled,5,4,54,242.4,200.9,87,196255,1,
1325,it,jumbled,5,5,207,468.9,426.9,272,303639,1,
1326,it,real_message,1,1,400,659.9,649.9,398,303863,1,
1327,it,real_message,1,2,400,665.9,603.4,398,313559,1,
1328,it,real_message,1,3,400,668.4,604.9,398,312574,1,
1329,it,real_message,1,4,400,654.5,609.6,398,314849,1,
1330,it,real_message,1,5,400,783,604.5,397,286126,1,
1331,it,real_message,2,1,400,656,613.6,398,313485,1,
1332,it,real_message,2,2,400,658.5,600.6,398,316099,1,
1333,it,real_message,2,3,400,734.7,605.2,398,297037,1,
1334,it,real_message,2,4,400,669.4,609,398,311327,1,
1335,it,real_message,2,5,400,671.6,604,397,311226,1,
1336,it,real_message,3,1,400,667,605.6,398,312746,1,
1337,it,real_message,3,2,400,662,602.4,398,314774,1,
1338,it,real_message,3,3,400,662.8,611.8,398,312255,1,
1339,it,real_message,3,4,400,668.3,611.4,398,311010,1,
1340,it,real_message,3,5,400,671.7,601.3,397,311862,1,
1341,it,real_message,4,1,400,658.8,616.3,398,312132,1,
1342,it,real_message,4,2,400,653.7,597.3,398,318145,1,
1343,it,real_message,4,3,400,660,609,398,313633,1,
1344,it,real_message,4,4,400,662.8,614.9,398,311497,1,
1345,it,real_message,4,5,400,722.6,691.8,397,280684,1,
1346,it,real_message,5,1,400,729,618.5,398,295362,1,
1347,it,real_message,5,2,400,664.2,603.9,398,313855,1,
1348,it,real_message,5,3,400,670.7,604,398,312230,1,
1349,it,real_message,5,4,400,661.8,627.1,398,308790,1,
1350,it,real_message,5,5,400,706.4,616.8,397,300030,1,
1351,it,repeated_phrase,1,1,102,271.1,248.3,122,234886,1,
1352,it,repeated_phrase,1,2,164,352.5,314.4,184,275903,1,
1353,it,repeated_phrase,1,3,144,317.9,282.3,164,273242,1,
1354,it,repeated_phrase,1,4,75,232.4,201,95,219197,1,
1355,it,repeated_phrase,1,5,213,486.2,406.2,233,261094,1,
1356,it,repeated_phrase,2,1,88,364,220.9,108,184647,1,
1357,it,repeated_phrase,2,2,217,432.7,378.8,237,292052,1,
1358,it,repeated_phrase,2,3,172,351.5,312.7,192,289070,1,
1359,it,repeated_phrase,2,4,212,421.5,379.5,232,289638,1,
1360,it,repeated_phrase,2,5,73,244.1,201.9,93,208520,1,
1361,it,repeated_phrase,3,1,191,391.1,348.6,211,285251,1,
1362,it,repeated_phrase,3,2,110,284.5,260,130,238751,1,
1363,it,repeated_phrase,3,3,92,249.3,228.4,112,234457,1,
1364,it,repeated_phrase,3,4,89,251.4,228.5,109,227131,1,
1365,it,repeated_phrase,3,5,48,259.1,186.9,68,152466,1,
1366,it,repeated_phrase,4,1,126,303.7,267.5,146,255602,1,
1367,it,repeated_phrase,4,2,196,433.1,349,216,276180,1,
1368,it,repeated_phrase,4,3,143,321.6,280.7,163,270629,1,
1369,it,repeated_phrase,4,4,143,317.6,281.5,163,272075,1,
1370,it,repeated_phrase,4,5,120,284.6,258.8,140,257637,1,
1371,it,repeated_phrase,5,1,133,341.7,266.7,153,251479,1,
1372,it,repeated_phrase,5,2,203,479.7,366.3,223,263593,1,
1373,it,repeated_phrase,5,3,90,253.3,217.7,110,233546,1,
1374,it,repeated_phrase,5,4,218,417.8,380.6,238,298096,1,
1375,it,repeated_phrase,5,5,145,317.7,283.1,165,274634,1,
1376,it,edge_case,1,1,0,169.3,138.4,20,64998.4,1,
1377,it,edge_case,1,2,1,163.2,137.2,21,69906.8,1,
1378,it,edge_case,1,3,19,166.6,138.7,19,62233.9,1,
1379,it,edge_case,1,4,25,165.4,137,25,82672,1,
1380,it,edge_case,1,5,25,286.5,207,45,91185.4,1,
1381,it,edge_case,2,1,0,167.6,152.3,20,62519.5,1,
1382,it,edge_case,2,2,1,167.7,136.9,21,68942.9,1,
1383,it,edge_case,2,3,19,161.1,136.4,19,63865.5,1,
1384,it,edge_case,2,4,25,164.4,136.3,25,83139.3,1,
1385,it,edge_case,2,5,25,183.4,153.2,45,133690,1,
1386,it,edge_case,3,1,0,180.6,137.6,20,62853.6,1,
1387,it,edge_case,3,2,1,164.4,136.3,21,69837,1,
1388,it,edge_case,3,3,19,164.3,136.6,19,63143.9,1,
1389,it,edge_case,3,4,25,174.6,136.8,25,80282.6,1,
1390,it,edge_case,3,5,25,182.4,152.2,45,134489,1,
1391,it,edge_case,4,1,0,167.7,138,20,65423.6,1,
1392,it,edge_case,4,2,1,165.3,136.6,21,69559.5,1,
1393,it,edge_case,4,3,19,165.8,137.1,19,62727,1,
1394,it,edge_case,4,4,25,163.5,138.8,25,82699.3,1,
1395,it,edge_case,4,5,25,181.8,153.4,45,134248,1,
1396,it,edge_case,5,1,0,208.1,173.6,20,52397.2,1,
1397,it,edge_case,5,2,1,170.6,137.1,21,68248.3,1,
1398,it,edge_case,5,3,19,179.3,137.5,19,59974.7,1,
1399,it,edge_case,5,4,25,212.3,141.6,25,70641.4,1,
1400,it,edge_case,5,5,25,189.1,181.3,45,121490,1,
1401,de,same_char,1,1,81,255,218.6,101,213260,1,
1402,de,same_char,1,2,166,558.7,535.9,186,169925,1,
1403,de,same_char,1,3,27,188.7,166,47,132506,1,
1404,de,same_char,1,4,159,337.6,316.5,179,273658,1,
1405,de,same_char,1,5,181,430.2,330,201,264404,1,
1406,de,same_char,2,1,182,381.4,345.7,202,277816,1,
1407,de,same_char,2,2,194,387.9,346.3,214,291474,1,
1408,de,same_char,2,3,128,307.3,265,148,258606,1,
1409,de,same_char,2,4,21,181.7,162,41,119290,1,
1410,de,same_char,2,5,65,232.2,201.4,85,196033,1,
1411,de,same_char,3,1,83,252.9,233,103,211978,1,
1412,de,same_char,3,2,91,328.2,262.4,111,187944,1,
1413,de,same_char,3,3,79,285.1,235,99,190348,1,
1414,de,same_char,3,4,121,285.9,260.6,141,258005,1,
1415,de,same_char,3,5,146,326.1,283.9,166,272131,1,
1416,de,same_char,4,1,66,234.2,202,86,197157,1,
1417,de,same_char,4,2,22,183.2,153.2,42,124851,1,
1418,de,same_char,4,3,176,371.5,328.9,196,279840,1,
1419,de,same_char,4,4,159,337.5,309,179,276875,1,
1420,de,same_char,4,5,127,312.3,267.9,147,253361,1,
1421,de,same_char,5,1,161,335.8,299.3,181,284994,1,
1422,de,same_char,5,2,136,299.3,265,156,276449,1,
1423,de,same_char,5,3,30,199.6,168.7,50,135759,1,
1424,de,same_char,5,4,79,463.7,419.2,99,112130,1,
1425,de,same_char,5,5,54,263.9,188.4,74,163608,1,
1426,de,alternating,1,1,178,379.3,330,198,279148,1,
1427,de,alternating,1,2,69,236.4,202.5,89,202780,1,
1428,de,alternating,1,3,182,367.2,330.1,202,289689,1,
1429,de,alternating,1,4,126,309.8,265.6,146,253737,1,
1430,de,alternating,1,5,32,284.6,181.8,52,111492,1,
1431,de,alternating,2,1,216,434.1,379,236,290247,1,
1432,de,alternating,2,2,52,396.6,246.1,72,112027,1,
1433,de,alternating,2,3,192,388.8,346,212,288514,1,
1434,de,alternating,2,4,142,317.4,281.2,162,270631,1,
1435,de,alternating,2,5,100,278.8,243.2,120,229885,1,
1436,de,alternating,3,1,178,418.4,330.8,198,264282,1,
1437,de,alternating,3,2,67,235.3,201.8,87,199039,1,
1438,de,alternating,3,3,73,238.5,293.5,93,174812,1,
1439,de,alternating,3,4,134,303.3,266.2,154,270413,1,
1440,de,alternating,3,5,37,200,169.6,57,154221,1,
1441,de,alternating,4,1,112,283.5,249.8,132,247515,1,
1442,de,alternating,4,2,198,406.5,362.8,218,283374,1,
1443,de,alternating,4,3,92,251.4,217.1,112,239061,1,
1444,de,alternating,4,4,165,351.2,323.5,185,274196,1,
1445,de,alternating,4,5,117,291.5,250.1,137,252954,1,
1446,de,alternating,5,1,71,232.4,202.4,91,209292,1,
1447,de,alternating,5,2,108,265.1,232.5,128,257235,1,
1448,de,alternating,5,3,109,293.5,249.2,129,237700,1,
1449,de,alternating,5,4,72,235.8,201.2,92,210526,1,
1450,de,alternating,5,5,75,231.9,202.2,95,218844,1,
1451,de,cyclic,1,1,24,185.1,153.4,44,129985,1,
1452,de,cyclic,1,2,115,284.3,250.4,135,252478,1,
1453,de,cyclic,1,3,97,290,234.6,117,223027,1,
1454,de,cyclic,1,4,211,434.6,378.7,231,284028,1,
1455,de,cyclic,1,5,177,372.6,387,197,259347,1,
1456,de,cyclic,2,1,44,203.5,170.9,64,170940,1,
1457,de,cyclic,2,2,147,317.6,282.4,167,278333,1,
1458,de,cyclic,2,3,183,474.1,513.3,203,205590,1,
1459,de,cyclic,2,4,23,193.8,155.8,43,122998,1,
1460,de,cyclic,2,5,21,182.5,153.9,41,121879,1,
1461,de,cyclic,3,1,121,411.6,251.2,141,212734,1,
1462,de,cyclic,3,2,117,288.3,248.7,137,255121,1,
1463,de,cyclic,3,3,114,282.3,248.3,134,252544,1,
1464,de,cyclic,3,4,48,223.5,186.5,68,165854,1,
1465,de,cyclic,3,5,169,350.6,312.7,189,284939,1,
1466,de,cyclic,4,1,173,353.9,314.2,193,288879,1,
1467,de,cyclic,4,2,101,287.3,234.6,121,231845,1,
1468,de,cyclic,4,3,92,261.5,218,112,233577,1,
1469,de,cyclic,4,4,147,317.9,282.8,167,278009,1,
1470,de,cyclic,4,5,50,219.7,186.7,70,172244,1,
1471,de,cyclic,5,1,39,201.2,177.8,59,155673,1,
1472,de,cyclic,5,2,62,234.2,215.8,82,182222,1,
1473,de,cyclic,5,3,186,395.2,346.9,206,277591,1,
1474,de,cyclic,5,4,188,390.1,361.4,208,276780,1,
1475,de,cyclic,5,5,147,318.1,282.2,167,278194,1,
1476,de,jumbled,1,1,86,268.5,235,121,240318,1,
1477,de,jumbled,1,2,135,337,297.9,181,285084,1,
1478,de,jumbled,1,3,63,233.3,201,95,218743,1,
1479,de,jumbled,1,4,89,277.6,325.7,127,210509,1,
1480,de,jumbled,1,5,186,427.4,378.7,240,297730,1,
1481,de,jumbled,2,1,39,221.5,187.5,65,158924,1,
1482,de,jumbled,2,2,149,367.6,328.9,194,278536,1,
1483,de,jumbled,2,3,58,232.7,200.3,89,205543,1,
1484,de,jumbled,2,4,84,284.4,232.9,122,235840,1,
1485,de,jumbled,2,5,117,455.5,271.5,156,214580,1,
1486,de,jumbled,3,1,131,339.3,298.7,177,277429,1,
1487,de,jumbled,3,2,84,267.1,232.9,121,242000,1,
1488,de,jumbled,3,3,188,443.2,392.8,242,289474,1,
1489,de,jumbled,3,4,213,493.9,453.8,279,294397,1,
1490,de,jumbled,3,5,44,226.7,188.1,72,173578,1,
1491,de,jumbled,4,1,91,269.5,234.2,128,254120,1,
1492,de,jumbled,4,2,195,438.9,401.4,252,299893,1,
1493,de,jumbled,4,3,212,493.3,449.9,279,295802,1,
1494,de,jumbled,4,4,205,488.6,427.4,269,293668,1,
1495,de,jumbled,4,5,146,366.5,314.7,189,277452,1,
1496,de,jumbled,5,1,157,369.2,329.3,204,292054,1,
1497,de,jumbled,5,2,99,305.6,248.9,136,245266,1,
1498,de,jumbled,5,3,74,250.1,216.8,108,231313,1,
1499,de,jumbled,5,4,26,198,168.6,49,133661,1,
1500,de,jumbled,5,5,169,416.2,362.6,219,281202,1,
1501,de,real_message,1,1,400,789,638.2,414,290078,1,
1502,de,real_message,1,2,400,681.4,616,414,319100,1,
1503,de,real_message,1,3,400,697.5,619.8,415,315038,1,
1504,de,real_message,1,4,400,684.6,621.3,415,317788,1,
1505,de,real_message,1,5,400,692.7,637.3,415,312030,1,
1506,de,real_message,2,1,400,717.8,631.5,414,306826,1,
1507,de,real_message,2,2,400,694.3,628.4,414,312996,1,
1508,de,real_message,2,3,400,681.4,619.7,415,318961,1,
1509,de,real_message,2,4,400,689.8,629.3,415,314608,1,
1510,de,real_message,2,5,400,708.7,623.5,415,311515,1,
1511,de,real_message,3,1,400,700.8,619.8,414,313494,1,
1512,de,real_message,3,2,400,680.8,618.4,414,318658,1,
1513,de,real_message,3,3,400,685.2,628.6,415,315878,1,
1514,de,real_message,3,4,400,685.2,621.2,415,317667,1,
1515,de,real_message,3,5,400,683.5,621.6,415,317983,1,
1516,de,real_message,4,1,400,671.7,622,414,320012,1,
1517,de,real_message,4,2,400,712.7,647.4,414,304389,1,
1518,de,real_message,4,3,400,696.9,619.7,415,315206,1,
1519,de,real_message,4,4,400,684.1,618.3,415,318643,1,
1520,de,real_message,4,5,400,701.2,667.7,415,303163,1,
1521,de,real_message,5,1,400,1099.6,1009.8,414,196264,1,
1522,de,real_message,5,2,400,1134.9,713.3,414,224002,1,
1523,de,real_message,5,3,400,691.4,618.8,415,316746,1,
1524,de,real_message,5,4,400,1010.8,1306.8,415,179065,1,
1525,de,real_message,5,5,400,705.2,621.5,415,312806,1,
1526,de,repeated_phrase,1,1,195,386.9,346,215,293355,1,
1527,de,repeated_phrase,1,2,183,447.3,379.8,203,245436,1,
1528,de,repeated_phrase,1,3,137,304.9,265.5,157,275245,1,
1529,de,repeated_phrase,1,4,214,423.8,380.3,234,291009,1,
1530,de,repeated_phrase,1,5,94,267.2,232.9,114,227954,1,
1531,de,repeated_phrase,2,1,158,340.2,300.2,178,277951,1,
1532,de,repeated_phrase,2,2,96,351.9,238,116,196643,1,
1533,de,repeated_phrase,2,3,43,207.4,231.4,63,143573,1,
1534,de,repeated_phrase,2,4,105,267.4,232.6,125,250000,1,
1535,de,repeated_phrase,2,5,38,197.9,168.8,58,158167,1,
1536,de,repeated_phrase,3,1,51,219.5,187.3,71,174533,1,
1537,de,repeated_phrase,3,2,107,265.6,244.9,127,248776,1,
1538,de,repeated_phrase,3,3,157,337.5,310.8,177,273022,1,
1539,de,repeated_phrase,3,4,55,256.2,187,75,169224,1,
1540,de,repeated_phrase,3,5,185,548.3,374.9,205,222054,1,
1541,de,repeated_phrase,4,1,55,219.8,187.1,75,184320,1,
1542,de,repeated_phrase,4,2,129,309.5,266.2,149,258815,1,
1543,de,repeated_phrase,4,3,89,249.6,218,109,233105,1,
1544,de,repeated_phrase,4,4,122,282.8,266.3,142,258605,1,
1545,de,repeated_phrase,4,5,58,224.8,341.4,78,137761,1,
1546,de,repeated_phrase,5,1,135,301.4,266.3,155,273032,1,
1547,de,repeated_phrase,5,2,51,245.8,186.5,71,164238,1,
1548,de,repeated_phrase,5,3,56,216.2,184.8,76,189526,1,
1549,de,repeated_phrase,5,4,105,265.9,232.9,125,250601,1,
1550,de,repeated_phrase,5,5,58,223.4,185.2,78,190896,1,
1551,de,edge_case,1,1,0,168.8,138.2,20,65146.6,1,
1552,de,edge_case,1,2,1,163.2,137.5,21,69837,1,
1553,de,edge_case,1,3,19,165.8,137.8,19,62582.3,1,
1554,de,edge_case,1,4,25,176,137.2,25,79821.2,1,
1555,de,edge_case,1,5,25,183.1,152.9,45,133929,1,
1556,de,edge_case,2,1,0,173,138.7,20,64164.3,1,
1557,de,edge_case,2,2,1,166.4,136.8,21,69261.2,1,
1558,de,edge_case,2,3,19,164.2,137.5,19,62976.5,1,
1559,de,edge_case,2,4,25,165.9,136.7,25,82617.3,1,
1560,de,edge_case,2,5,25,181.5,152.7,45,134650,1,
1561,de,edge_case,3,1,0,183.6,138.9,20,62015.5,1,
1562,de,edge_case,3,2,1,165.7,154.3,21,65625,1,
1563,de,edge_case,3,3,19,194.3,138.5,19,57091.3,1,
1564,de,edge_case,3,4,25,166.1,137.1,25,82453.8,1,
1565,de,edge_case,3,5,25,181.5,153,45,134529,1,
1566,de,edge_case,4,1,0,166.6,137.5,20,65767.8,1,
1567,de,edge_case,4,2,1,164.7,151.2,21,66476.7,1,
1568,de,edge_case,4,3,19,165.4,136.7,19,62893.1,1,
1569,de,edge_case,4,4,25,163.3,136.2,25,83472.5,1,
1570,de,edge_case,4,5,25,180.2,163.5,45,130928,1,
1571,de,edge_case,5,1,0,166.7,138,20,65638.3,1,
1572,de,edge_case,5,2,1,166.4,137.5,21,69101.7,1,
1573,de,edge_case,5,3,19,164.4,309.1,19,40126.7,1,
1574,de,edge_case,5,4,25,173.9,138.1,25,80128.2,1,
1575,de,edge_case,5,5,25,181.1,153.2,45,134610,1,
1576,id,same_char,1,1,72,236.1,202.2,92,209902,1,
1577,id,same_char,1,2,56,222.1,199.6,76,180223,1,
1578,id,same_char,1,3,30,340.2,226.4,50,88245.7,1,
1579,id,same_char,1,4,129,317.5,265.7,149,255487,1,
1580,id,same_char,1,5,95,288.5,293.7,115,197527,1,
1581,id,same_char,2,1,193,474.7,358.4,213,255672,1,
1582,id,same_char,2,2,32,204.2,183.4,52,134159,1,
1583,id,same_char,2,3,184,378.5,336.8,204,285195,1,
1584,id,same_char,2,4,210,662.4,434.5,230,209682,1,
1585,id,same_char,2,5,206,410.1,372.1,226,288929,1,
1586,id,same_char,3,1,77,253.5,219.8,97,204944,1,
1587,id,same_char,3,2,36,201,169.7,56,151066,1,
1588,id,same_char,3,3,91,250.8,217.5,111,237028,1,
1589,id,same_char,3,4,204,403.6,363.3,224,292085,1,
1590,id,same_char,3,5,44,199,228,64,149883,1,
1591,id,same_char,4,1,67,249.6,202.8,87,192308,1,
1592,id,same_char,4,2,166,360.2,312.9,186,276333,1,
1593,id,same_char,4,3,213,429.9,393,233,283145,1,
1594,id,same_char,4,4,77,251.3,217,97,207132,1,
1595,id,same_char,4,5,179,366.3,328.4,199,286455,1,
1596,id,same_char,5,1,34,281.8,321.4,54,89522.5,1,
1597,id,same_char,5,2,173,359.8,316.3,193,285461,1,
1598,id,same_char,5,3,95,268,233.8,115,229175,1,
1599,id,same_char,5,4,42,202.1,169.7,62,166756,1,
1600,id,same_char,5,5,138,301.9,266.2,158,278120,1,
1601,id,alternating,1,1,203,400.8,363.3,223,291847,1,
1602,id,alternating,1,2,181,376.6,329.4,201,284703,1,
1603,id,alternating,1,3,60,280.6,206.7,80,164170,1,
1604,id,alternating,1,4,194,494.4,372.4,214,246885,1,
1605,id,alternating,1,5,82,265.5,217.8,102,211049,1,
1606,id,alternating,2,1,107,268.4,234.3,127,252636,1,
1607,id,alternating,2,2,171,349.6,323.4,191,283804,1,
1608,id,alternating,2,3,161,337,298.3,181,284905,1,
1609,id,alternating,2,4,180,390.3,425.6,200,245128,1,
1610,id,alternating,2,5,203,408.9,362.5,223,289085,1,
1611,id,alternating,3,1,63,233.9,201.8,83,190498,1,
1612,id,alternating,3,2,71,232.8,201,91,209774,1,
1613,id,alternating,3,3,118,282.9,249.5,138,259204,1,
1614,id,alternating,3,4,39,198.5,169.4,59,160370,1,
1615,id,alternating,3,5,213,420.6,377.3,233,292017,1,
1616,id,alternating,4,1,175,369,340.5,195,274841,1,
1617,id,alternating,4,2,213,422.9,378.7,233,290669,1,
1618,id,alternating,4,3,103,275,233.2,123,242031,1,
1619,id,alternating,4,4,114,293.2,248.9,134,247187,1,
1620,id,alternating,4,5,166,485.5,467.4,186,195194,1,
1621,id,alternating,5,1,30,202.2,169.6,50,134481,1,
1622,id,alternating,5,2,205,403.9,362.4,225,293619,1,
1623,id,alternating,5,3,109,284.3,258.6,129,237613,1,
1624,id,alternating,5,4,35,199.2,169.5,55,149173,1,
1625,id,alternating,5,5,190,382.8,345.8,210,288224,1,
1626,id,cyclic,1,1,204,551.2,626.9,224,190137,1,
1627,id,cyclic,1,2,68,238.9,201.5,88,199818,1,
1628,id,cyclic,1,3,66,232.9,200.6,86,198385,1,
1629,id,cyclic,1,4,90,248.8,217.8,110,235748,1,
1630,id,cyclic,1,5,174,365.6,328.5,194,279499,1,
1631,id,cyclic,2,1,132,300.1,280.8,152,261663,1,
1632,id,cyclic,2,2,69,239.7,293,89,167073,1,
1633,id,cyclic,2,3,77,283.7,231.3,97,188350,1,
1634,id,cyclic,2,4,168,354.4,324,188,277123,1,
1635,id,cyclic,2,5,33,199.1,169.3,53,143865,1,
1636,id,cyclic,3,1,98,267.7,234.7,118,234873,1,
1637,id,cyclic,3,2,115,282.8,250,135,253378,1,
1638,id,cyclic,3,3,100,275.8,333.4,120,196980,1,
1639,id,cyclic,3,4,93,275.4,236.7,113,220660,1,
1640,id,cyclic,3,5,217,449.5,381.7,237,285130,1,
1641,id,cyclic,4,1,43,202,169.7,63,169492,1,
1642,id,cyclic,4,2,130,310.1,265.2,150,260734,1,
1643,id,cyclic,4,3,139,316.2,281.9,159,265842,1,
1644,id,cyclic,4,4,211,422.1,388.8,231,284869,1,
1645,id,cyclic,4,5,139,330.8,393.4,159,219553,1,
1646,id,cyclic,5,1,29,201.7,169.9,49,131862,1,
1647,id,cyclic,5,2,141,329.2,280.9,161,263891,1,
1648,id,cyclic,5,3,219,419.5,377.4,239,299912,1,
1649,id,cyclic,5,4,137,301.6,347.4,157,241911,1,
1650,id,cyclic,5,5,29,206.4,216.2,49,115949,1,
1651,id,jumbled,1,1,21,201.7,153.6,43,121024,1,
1652,id,jumbled,1,2,20,181.2,152.3,44,131934,1,
1653,id,jumbled,1,3,32,207.4,171.8,57,150316,1,
1654,id,jumbled,1,4,209,477.8,427.8,271,299249,1,
1655,id,jumbled,1,5,215,516,435,273,287066,1,
1656,id,jumbled,2,1,106,317.3,267.5,146,249658,1,
1657,id,jumbled,2,2,95,286.2,250.3,136,253495,1,
1658,id,jumbled,2,3,51,222.7,186.1,79,193249,1,
1659,id,jumbled,2,4,157,394.5,347.2,209,281785,1,
1660,id,jumbled,2,5,70,254.1,217.4,102,216331,1,
1661,id,jumbled,3,1,203,475.4,418.7,263,294151,1,
1662,id,jumbled,3,2,116,318.5,281.3,164,273424,1,
1663,id,jumbled,3,3,62,232.4,201,92,212275,1,
1664,id,jumbled,3,4,141,363.2,330.8,187,269452,1,
1665,id,jumbled,3,5,144,371.4,315,190,276807,1,
1666,id,jumbled,4,1,47,218.6,185.8,78,192878,1,
1667,id,jumbled,4,2,100,304,250.3,137,247159,1,
1668,id,jumbled,4,3,67,249.8,217.6,102,218228,1,
1669,id,jumbled,4,4,154,385.1,346.2,206,281690,1,
1670,id,jumbled,4,5,62,335.6,203.9,93,172382,1,
1671,id,jumbled,5,1,51,238.7,201.8,83,188422,1,
1672,id,jumbled,5,2,203,453.3,409.9,265,306997,1,
1673,id,jumbled,5,3,80,274.6,233.6,117,230224,1,
1674,id,jumbled,5,4,207,468.7,433.3,274,303769,1,
1675,id,jumbled,5,5,204,774.9,428.6,267,221853,1,
1676,id,real_message,1,1,400,776.9,1066.8,414,224548,1,
1677,id,real_message,1,2,400,680.1,695.4,412,299527,1,
1678,id,real_message,1,3,400,741.4,623.7,412,301809,1,
1679,id,real_message,1,4,400,673.4,627.6,412,316679,1,
1680,id,real_message,1,5,400,703.2,620.2,412,311319,1,
1681,id,real_message,2,1,400,678.4,620.3,414,318780,1,
1682,id,real_message,2,2,400,774.2,622.2,412,295044,1,
1683,id,real_message,2,3,400,677.2,617.7,412,318171,1,
1684,id,real_message,2,4,400,672.6,625.5,412,317387,1,
1685,id,real_message,2,5,400,693,619.4,412,313929,1,
1686,id,real_message,3,1,400,680.3,620.8,414,318192,1,
1687,id,real_message,3,2,400,693.1,630,412,311390,1,
1688,id,real_message,3,3,400,1053.4,855.9,412,215786,1,
1689,id,real_message,3,4,400,818.3,689,412,273336,1,
1690,id,real_message,3,5,400,689.7,620.3,412,314504,1,
1691,id,real_message,4,1,400,790,644.8,414,288542,1,
1692,id,real_message,4,2,400,681.3,618.7,412,316923,1,
1693,id,real_message,4,3,400,669.5,627.3,412,317705,1,
1694,id,real_message,4,4,400,701.3,660.1,412,302630,1,
1695,id,real_message,4,5,400,673,617.7,412,319207,1,
1696,id,real_message,5,1,400,725.3,721.4,414,286169,1,
1697,id,real_message,5,2,400,676.3,627.5,412,315999,1,
1698,id,real_message,5,3,400,678.7,622.5,412,316631,1,
1699,id,real_message,5,4,400,690.1,628.9,412,312358,1,
1700,id,real_message,5,5,400,819.5,639.1,412,282463,1,
1701,id,repeated_phrase,1,1,191,479.1,366.5,211,249527,1,
1702,id,repeated_phrase,1,2,196,392.2,345.2,216,292921,1,
1703,id,repeated_phrase,1,3,176,366.3,338.8,196,277975,1,
1704,id,repeated_phrase,1,4,23,205.7,255.9,43,93154.2,1,
1705,id,repeated_phrase,1,5,93,268.3,232.5,113,225639,1,
1706,id,repeated_phrase,2,1,115,319.9,249.7,135,237008,1,
1707,id,repeated_phrase,2,2,207,413.6,361.5,227,292865,1,
1708,id,repeated_phrase,2,3,96,267.5,233,116,231768,1,
1709,id,repeated_phrase,2,4,23,181.7,153,43,128473,1,
1710,id,repeated_phrase,2,5,145,316.8,281.2,165,275920,1,
1711,id,repeated_phrase,3,1,46,222.9,186.9,66,161054,1,
1712,id,repeated_phrase,3,2,35,207.5,185.2,55,140056,1,
1713,id,repeated_phrase,3,3,177,379,329.6,197,278013,1,
1714,id,repeated_phrase,3,4,187,489.4,368.7,207,241231,1,
1715,id,repeated_phrase,3,5,147,321.2,283,167,276399,1,
1716,id,repeated_phrase,4,1,146,323.4,281.8,166,274289,1,
1717,id,repeated_phrase,4,2,207,404.8,373.5,227,291661,1,
1718,id,repeated_phrase,4,3,167,351,312.2,187,281966,1,
1719,id,repeated_phrase,4,4,88,258.9,370,108,171728,1,
1720,id,repeated_phrase,4,5,183,371.1,328.4,203,290207,1,
1721,id,repeated_phrase,5,1,207,444,365.8,227,280316,1,
1722,id,repeated_phrase,5,2,153,349.7,298,173,267099,1,
1723,id,repeated_phrase,5,3,145,316.6,290.4,165,271829,1,
1724,id,repeated_phrase,5,4,129,302.5,265.5,149,262324,1,
1725,id,repeated_phrase,5,5,196,393.1,347.1,216,291813,1,
1726,id,edge_case,1,1,0,203.4,138.5,20,58496.6,1,
1727,id,edge_case,1,2,1,165.5,136.8,21,69467.4,1,
1728,id,edge_case,1,3,19,166.1,136.4,19,62809.9,1,
1729,id,edge_case,1,4,25,165,136.7,25,82863.8,1,
1730,id,edge_case,1,5,25,181.5,152.9,45,134569,1,
1731,id,edge_case,2,1,0,235.9,143.3,20,52742.6,1,
1732,id,edge_case,2,2,1,182.7,136.9,21,65707.1,1,
1733,id,edge_case,2,3,19,165.4,136.3,19,62976.5,1,
1734,id,edge_case,2,4,25,164.7,136.5,25,83001.3,1,
1735,id,edge_case,2,5,25,192.6,152.5,45,130397,1,
1736,id,edge_case,3,1,0,314.4,262.8,20,34650,1,
1737,id,edge_case,3,2,1,296.9,259.5,21,37742.6,1,
1738,id,edge_case,3,3,19,204.7,138.5,19,55361.3,1,
1739,id,edge_case,3,4,25,168.2,136.8,25,81967.2,1,
1740,id,edge_case,3,5,25,181.5,153.5,45,134328,1,
1741,id,edge_case,4,1,0,168.4,138.6,20,65146.6,1,
1742,id,edge_case,4,2,1,174.3,254.4,21,48985.3,1,
1743,id,edge_case,4,3,19,284.5,240.5,19,36190.5,1,
1744,id,edge_case,4,4,25,191.9,138.8,25,75597.2,1,
1745,id,edge_case,4,5,25,183.6,153.9,45,133333,1,
1746,id,edge_case,5,1,0,168.5,138.4,20,65167.8,1,
1747,id,edge_case,5,2,1,166.5,137.5,21,69078.9,1,
1748,id,edge_case,5,3,19,162.8,137.8,19,63206.9,1,
1749,id,edge_case,5,4,25,169.4,138.1,25,81300.8,1,
1750,id,edge_case,5,5,25,183.8,153.2,45,133531,1,
1751,ms,same_char,1,1,91,267.3,350.8,111,179583,1,
1752,ms,same_char,1,2,200,423.1,363.6,220,279649,1,
1753,ms,same_char,1,3,67,281.6,202,87,179901,1,
1754,ms,same_char,1,4,46,246.4,185.7,66,152742,1,
1755,ms,same_char,1,5,105,283.4,233.8,125,241686,1,
1756,ms,same_char,2,1,151,349,300.9,171,263117,1,
1757,ms,same_char,2,2,181,466.6,612.9,201,186197,1,
1758,ms,same_char,2,3,40,214.7,172.9,60,154799,1,
1759,ms,same_char,2,4,94,271,234.2,114,225653,1,
1760,ms,same_char,2,5,178,368.2,339.4,198,279819,1,
1761,ms,same_char,3,1,150,318.4,295.3,170,277008,1,
1762,ms,same_char,3,2,32,199.6,168.8,52,141151,1,
1763,ms,same_char,3,3,116,280.8,248.4,136,256992,1,
1764,ms,same_char,3,4,87,314.9,253.7,107,188181,1,
1765,ms,same_char,3,5,127,366.6,269.8,147,230987,1,
1766,ms,same_char,4,1,177,381.5,341.9,197,272325,1,
1767,ms,same_char,4,2,213,448.3,378.7,233,281741,1,
1768,ms,same_char,4,3,209,449.8,363.6,229,281534,1,
1769,ms,same_char,4,4,188,609.2,348.9,208,217096,1,
1770,ms,same_char,4,5,109,291.7,249.1,129,238536,1,
1771,ms,same_char,5,1,88,374.2,226,108,179940,1,
1772,ms,same_char,5,2,143,343.8,294.8,163,255246,1,
1773,ms,same_char,5,3,94,276.6,234.1,114,223223,1,
1774,ms,same_char,5,4,113,304.4,250.6,133,239640,1,
1775,ms,same_char,5,5,136,554.8,312.5,156,179869,1,
1776,ms,alternating,1,1,53,221.9,187.7,73,178223,1,
1777,ms,alternating,1,2,210,423.4,378.4,230,286855,1,
1778,ms,alternating,1,3,172,357.9,314.4,192,285587,1,
1779,ms,alternating,1,4,132,299.8,264.8,152,269217,1,
1780,ms,alternating,1,5,158,832.3,588.1,178,125317,1,
1781,ms,alternating,2,1,74,239.2,202.9,94,212622,1,
1782,ms,alternating,2,2,185,369.8,341.3,205,288286,1,
1783,ms,alternating,2,3,54,226.6,186.3,74,179220,1,
1784,ms,alternating,2,4,105,264.8,242.1,125,246597,1,
1785,ms,alternating,2,5,159,346.4,299.2,179,277261,1,
1786,ms,alternating,3,1,144,374.3,380,164,217420,1,
1787,ms,alternating,3,2,137,306.9,286.3,157,264666,1,
1788,ms,alternating,3,3,198,463.1,364.6,218,263380,1,
1789,ms,alternating,3,4,218,421.7,379.1,238,297203,1,
1790,ms,alternating,3,5,46,221.3,187.2,66,161567,1,
1791,ms,alternating,4,1,97,430.4,262.9,117,168758,1,
1792,ms,alternating,4,2,31,212,171.2,51,133090,1,
1793,ms,alternating,4,3,126,307.6,266.4,146,254355,1,
1794,ms,alternating,4,4,119,285.8,248.8,139,260007,1,
1795,ms,alternating,4,5,102,266.8,242.2,122,239686,1,
1796,ms,alternating,5,1,104,451,235.4,124,180653,1,
1797,ms,alternating,5,2,150,325.2,294.5,170,274326,1,
1798,ms,alternating,5,3,97,278.8,322.3,117,194643,1,
1799,ms,alternating,5,4,121,293.3,250.7,141,259191,1,
1800,ms,alternating,5,5,47,217.9,185.2,67,166212,1,
1801,ms,cyclic,1,1,136,300.6,265.8,156,275424,1,
1802,ms,cyclic,1,2,135,330.8,265.5,155,259936,1,
1803,ms,cyclic,1,3,203,411.4,362.6,223,288114,1,
1804,ms,cyclic,1,4,119,334.4,468.6,139,173101,1,
1805,ms,cyclic,1,5,53,232.3,188,73,173685,1,
1806,ms,cyclic,2,1,203,405.9,363.7,223,289761,1,
1807,ms,cyclic,2,2,163,351.8,324.5,183,270590,1,
1808,ms,cyclic,2,3,39,205.4,184.9,59,151166,1,
1809,ms,cyclic,2,4,93,267.6,234.3,113,225144,1,
1810,ms,cyclic,2,5,153,337.4,309.5,173,267429,1,
1811,ms,cyclic,3,1,92,255.5,220.4,112,235344,1,
1812,ms,cyclic,3,2,166,364.3,313.5,186,274417,1,
1813,ms,cyclic,3,3,117,282.3,249,137,257858,1,
1814,ms,cyclic,3,4,68,233,335.5,88,154793,1,
1815,ms,cyclic,3,5,218,544.6,395,238,253299,1,
1816,ms,cyclic,4,1,201,723.4,367.7,221,202548,1,
1817,ms,cyclic,4,2,216,426.4,379,236,293022,1,
1818,ms,cyclic,4,3,128,302.1,304,148,244184,1,
1819,ms,cyclic,4,4,44,207.1,170.7,64,169402,1,
1820,ms,cyclic,4,5,53,227.9,185.3,73,176670,1,
1821,ms,cyclic,5,1,195,387.4,345.9,215,293195,1,
1822,ms,cyclic,5,2,113,299.8,278.4,133,230024,1,
1823,ms,cyclic,5,3,117,309,249.3,137,245388,1,
1824,ms,cyclic,5,4,160,341,297.9,180,281734,1,
1825,ms,cyclic,5,5,150,455.5,613.2,170,159072,1,
1826,ms,jumbled,1,1,78,269.5,235,114,225966,1,
1827,ms,jumbled,1,2,20,182.9,152.5,44,131187,1,
1828,ms,jumbled,1,3,175,576.6,366.4,223,236479,1,
1829,ms,jumbled,1,4,214,494.4,537.7,277,268385,1,
1830,ms,jumbled,1,5,215,493.7,428.2,276,299382,1,
1831,ms,jumbled,2,1,31,203,170.2,55,147374,1,
1832,ms,jumbled,2,2,94,294.4,310.3,136,224905,1,
1833,ms,jumbled,2,3,53,260.1,203.6,84,181152,1,
1834,ms,jumbled,2,4,37,200.4,169.5,62,167613,1,
1835,ms,jumbled,2,5,125,401.8,283.9,169,246463,1,
1836,ms,jumbled,3,1,208,455.9,420,265,302546,1,
1837,ms,jumbled,3,2,195,436.9,401.6,252,300537,1,
1838,ms,jumbled,3,3,64,267,275.9,100,184196,1,
1839,ms,jumbled,3,4,76,276,235.6,114,222830,1,
1840,ms,jumbled,3,5,124,327,283.5,167,273546,1,
1841,ms,jumbled,4,1,134,353.7,313.6,183,274239,1,
1842,ms,jumbled,4,2,191,436,392.6,248,299300,1,
1843,ms,jumbled,4,3,153,659.6,456,206,184654,1,
1844,ms,jumbled,4,4,109,315.2,266.7,154,264650,1,
1845,ms,jumbled,4,5,89,285.4,249.6,130,242991,1,
1846,ms,jumbled,5,1,74,264.2,219.6,106,219099,1,
1847,ms,jumbled,5,2,54,233.4,211.9,85,190883,1,
1848,ms,jumbled,5,3,197,453.3,409.3,257,297936,1,
1849,ms,jumbled,5,4,40,272.2,189.1,68,147409,1,
1850,ms,jumbled,5,5,93,286,235.8,128,245305,1,
1851,ms,real_message,1,1,400,676.9,619.1,409,315586,1,
1852,ms,real_message,1,2,400,672.2,625.9,411,316617,1,
1853,ms,real_message,1,3,400,676.1,600.6,407,318791,1,
1854,ms,real_message,1,4,400,672.8,626.1,409,314882,1,
1855,ms,real_message,1,5,400,740.7,639.4,408,295631,1,
1856,ms,real_message,2,1,400,675,619,409,316074,1,
1857,ms,real_message,2,2,400,859,647.9,411,272745,1,
1858,ms,real_message,2,3,400,664.1,604.1,407,320927,1,
1859,ms,real_message,2,4,400,752.2,638.9,409,294012,1,
1860,ms,real_message,2,5,400,688.2,620.1,408,311855,1,
1861,ms,real_message,3,1,400,683.2,632.5,409,310861,1,
1862,ms,real_message,3,2,400,704,623.4,411,309628,1,
1863,ms,real_message,3,3,400,871.9,606.3,407,275335,1,
1864,ms,real_message,3,4,400,1021.5,622.3,409,248814,1,
1865,ms,real_message,3,5,400,679.7,668.6,408,302603,1,
1866,ms,real_message,4,1,400,821,830.3,409,247684,1,
1867,ms,real_message,4,2,400,691.9,620,411,313286,1,
1868,ms,real_message,4,3,400,711.6,604.5,407,309247,1,
1869,ms,real_message,4,4,400,700.5,662,409,300183,1,
1870,ms,real_message,4,5,400,684.6,621.1,408,312476,1,
1871,ms,real_message,5,1,400,689.2,620,409,312405,1,
1872,ms,real_message,5,2,400,686.4,629.9,411,312239,1,
1873,ms,real_message,5,3,400,813.3,1037.2,407,219941,1,
1874,ms,real_message,5,4,400,687.1,620.3,409,312835,1,
1875,ms,real_message,5,5,400,673.5,622.7,408,314766,1,
1876,ms,repeated_phrase,1,1,207,428,365.1,227,286219,1,
1877,ms,repeated_phrase,1,2,86,251.6,217.8,106,225820,1,
1878,ms,repeated_phrase,1,3,62,232.3,200.9,82,189289,1,
1879,ms,repeated_phrase,1,4,157,336.8,298.7,177,278521,1,
1880,ms,repeated_phrase,1,5,49,216.1,184.4,69,172285,1,
1881,ms,repeated_phrase,2,1,28,184.5,154.4,48,141635,1,
1882,ms,repeated_phrase,2,2,97,322.4,234.9,117,209941,1,
1883,ms,repeated_phrase,2,3,111,361.7,252.6,131,213251,1,
1884,ms,repeated_phrase,2,4,112,295.5,250.4,132,241803,1,
1885,ms,repeated_phrase,2,5,75,232.7,201,95,219045,1,
1886,ms,repeated_phrase,3,1,183,378.8,330.2,203,286319,1,
1887,ms,repeated_phrase,3,2,70,233.7,201.2,90,206944,1,
1888,ms,repeated_phrase,3,3,185,367.3,339.5,205,290040,1,
1889,ms,repeated_phrase,3,4,52,396.1,193.5,72,122117,1,
1890,ms,repeated_phrase,3,5,64,239.1,202.2,84,190347,1,
1891,ms,repeated_phrase,4,1,73,233.4,203.1,93,213058,1,
1892,ms,repeated_phrase,4,2,59,216.9,186.1,79,196030,1,
1893,ms,repeated_phrase,4,3,192,392.2,346.8,212,286874,1,
1894,ms,repeated_phrase,4,4,177,379.8,330.5,197,277348,1,
1895,ms,repeated_phrase,4,5,100,269,390.3,120,182011,1,
1896,ms,repeated_phrase,5,1,129,305.6,266,149,260672,1,
1897,ms,repeated_phrase,5,2,198,416.1,361.4,218,280386,1,
1898,ms,repeated_phrase,5,3,136,298.5,264.2,156,277235,1,
1899,ms,repeated_phrase,5,4,171,364.1,315.5,191,281048,1,
1900,ms,repeated_phrase,5,5,83,249.4,219.3,103,219757,1,
1901,ms,edge_case,1,1,0,172.3,159.9,20,60204.7,1,
1902,ms,edge_case,1,2,1,200.2,138,21,62093.4,1,
1903,ms,edge_case,1,3,19,166.7,136.8,19,62603,1,
1904,ms,edge_case,1,4,25,165.1,191.2,25,70165.6,1,
1905,ms,edge_case,1,5,25,190.6,152.8,45,131043,1,
1906,ms,edge_case,2,1,0,168.5,137.6,20,65338.1,1,
1907,ms,edge_case,2,2,1,165,136.9,21,69559.5,1,
1908,ms,edge_case,2,3,19,164.3,150.4,19,60375,1,
1909,ms,edge_case,2,4,25,165.5,136.5,25,82781.5,1,
1910,ms,edge_case,2,5,25,182.1,153.2,45,134208,1,
1911,ms,edge_case,3,1,0,167.5,138.3,20,65402.2,1,
1912,ms,edge_case,3,2,1,162.8,136.6,21,70140.3,1,
1913,ms,edge_case,3,3,19,167,137.7,19,62356.4,1,
1914,ms,edge_case,3,4,25,170.4,137.5,25,81195.2,1,
1915,ms,edge_case,3,5,25,180.3,152.9,45,135054,1,
1916,ms,edge_case,4,1,0,167.9,138.8,20,65210.3,1,
1917,ms,edge_case,4,2,1,205.7,156,21,58059.2,1,
1918,ms,edge_case,4,3,19,166.5,136.5,19,62706.3,1,
1919,ms,edge_case,4,4,25,213.7,233.7,25,55878.4,1,
1920,ms,edge_case,4,5,25,278.4,155.2,45,103782,1,
1921,ms,edge_case,5,1,0,167.8,137.4,20,65530.8,1,
1922,ms,edge_case,5,2,1,165.3,136.6,21,69559.5,1,
1923,ms,edge_case,5,3,19,164.6,136.8,19,63039.2,1,
1924,ms,edge_case,5,4,25,165.6,136.4,25,82781.5,1,
1925,ms,edge_case,5,5,25,180.9,152.5,45,134973,1,
1926,tl,same_char,1,1,30,204.3,171.1,50,133191,1,
1927,tl,same_char,1,2,142,320.6,282.2,162,268746,1,
1928,tl,same_char,1,3,93,266.5,246.9,113,220101,1,
1929,tl,same_char,1,4,84,250.9,218.6,104,221512,1,
1930,tl,same_char,1,5,45,216.2,185.5,65,161812,1,
1931,tl,same_char,2,1,207,412.3,365.2,227,291961,1,
1932,tl,same_char,2,2,91,250.3,269.8,111,213420,1,
1933,tl,same_char,2,3,155,347.7,297.7,175,271150,1,
1934,tl,same_char,2,4,113,283.4,248.9,133,249859,1,
1935,tl,same_char,2,5,58,227.3,186.7,78,188406,1,
1936,tl,same_char,3,1,157,368.1,462.6,177,213073,1,
1937,tl,same_char,3,2,176,410.3,331.5,196,264222,1,
1938,tl,same_char,3,3,120,308.2,249.7,140,250941,1,
1939,tl,same_char,3,4,151,341,299.3,171,267062,1,
1940,tl,same_char,3,5,199,428.7,362.6,219,276760,1,
1941,tl,same_char,4,1,212,776.2,705.7,232,156556,1,
1942,tl,same_char,4,2,83,260.9,219,103,214628,1,
1943,tl,same_char,4,3,204,405.4,372.6,224,287918,1,
1944,tl,same_char,4,4,111,283.5,249,131,246009,1,
1945,tl,same_char,4,5,41,208.7,272.1,61,126872,1,
1946,tl,same_char,5,1,51,219.2,186.1,71,175179,1,
1947,tl,same_char,5,2,82,261,217.3,102,213255,1,
1948,tl,same_char,5,3,69,313.6,265.3,89,153740,1,
1949,tl,same_char,5,4,56,224.7,186.5,76,184825,1,
1950,tl,same_char,5,5,191,393.9,345.1,211,285521,1,
1951,tl,alternating,1,1,111,409,260.3,131,195727,1,
1952,tl,alternating,1,2,154,347.1,300,174,268892,1,
1953,tl,alternating,1,3,129,298.9,265.5,149,263997,1,
1954,tl,alternating,1,4,164,667.6,317.4,184,186802,1,
1955,tl,alternating,1,5,204,416.2,372.6,224,283976,1,
1956,tl,alternating,2,1,42,202.1,170.5,62,166398,1,
1957,tl,alternating,2,2,63,242.3,202.2,83,186727,1,
1958,tl,alternating,2,3,139,317.1,280.7,159,265975,1,
1959,tl,alternating,2,4,45,258.2,185.5,65,146495,1,
1960,tl,alternating,2,5,25,183,152.3,45,134208,1,
1961,tl,alternating,3,1,149,609.7,546.8,169,146131,1,
1962,tl,alternating,3,2,28,199.5,163.7,48,132159,1,
1963,tl,alternating,3,3,88,252.1,217,108,230228,1,
1964,tl,alternating,3,4,133,307.5,279.1,153,260825,1,
1965,tl,alternating,3,5,189,386.1,346,209,285480,1,
1966,tl,alternating,4,1,91,251.6,220.9,111,234921,1,
1967,tl,alternating,4,2,217,477.5,605.8,237,218776,1,
1968,tl,alternating,4,3,59,222,186.1,79,193580,1,
1969,tl,alternating,4,4,167,360,314.8,187,277119,1,
1970,tl,alternating,4,5,126,300,265.1,146,258361,1,
1971,tl,alternating,5,1,195,386.7,345.7,215,293555,1,
1972,tl,alternating,5,2,195,591.1,457.4,215,205055,1,
1973,tl,alternating,5,3,148,397.4,282.3,168,247168,1,
1974,tl,alternating,5,4,190,393.3,354.9,210,280674,1,
1975,tl,alternating,5,5,158,339.6,299.5,178,278517,1,
1976,tl,cyclic,1,1,107,267.7,233.9,127,253190,1,
1977,tl,cyclic,1,2,103,473.3,429.6,123,136228,1,
1978,tl,cyclic,1,3,175,383.9,329.7,195,273262,1,
1979,tl,cyclic,1,4,75,233.6,200.6,95,218793,1,
1980,tl,cyclic,1,5,185,368.9,328.7,205,293865,1,
1981,tl,cyclic,2,1,38,200.7,170.2,58,156376,1,
1982,tl,cyclic,2,2,95,265.6,233,115,230646,1,
1983,tl,cyclic,2,3,95,265.8,233,115,230553,1,
1984,tl,cyclic,2,4,199,752.3,368.2,219,195448,1,
1985,tl,cyclic,2,5,27,193.1,154.2,47,135330,1,
1986,tl,cyclic,3,1,171,351.6,314,191,286959,1,
1987,tl,cyclic,3,2,126,303.7,266,146,256275,1,
1988,tl,cyclic,3,3,125,307,279.2,145,247356,1,
1989,tl,cyclic,3,4,120,293.7,248.7,140,258112,1,
1990,tl,cyclic,3,5,140,680.1,370,160,152366,1,
1991,tl,cyclic,4,1,114,285.3,251.6,134,249581,1,
1992,tl,cyclic,4,2,27,180.6,152.7,47,141014,1,
1993,tl,cyclic,4,3,148,313.8,281.8,168,282069,1,
1994,tl,cyclic,4,4,167,349.6,321.8,187,278522,1,
1995,tl,cyclic,4,5,26,182.3,152.3,46,137478,1,
1996,tl,cyclic,5,1,196,471.5,614.1,216,198968,1,
1997,tl,cyclic,5,2,140,329.8,300.4,160,253888,1,
1998,tl,cyclic,5,3,218,425.1,379.8,238,295689,1,
1999,tl,cyclic,5,4,195,391,346.5,215,291525,1,
2000,tl,cyclic,5,5,130,304.9,278.6,150,257069,1,
2001,tl,jumbled,1,1,105,765,334.4,146,132800,1,
2002,tl,jumbled,1,2,121,326.8,282.5,163,267520,1,
2003,tl,jumbled,1,3,91,284.8,249.4,132,247098,1,
2004,tl,jumbled,1,4,144,350.2,313,190,286490,1,
2005,tl,jumbled,1,5,217,654.9,555.1,273,225620,1,
2006,tl,jumbled,2,1,82,275.5,235.8,123,240563,1,
2007,tl,jumbled,2,2,53,234.8,201.8,81,185525,1,
2008,tl,jumbled,2,3,95,285,249.5,134,250702,1,
2009,tl,jumbled,2,4,217,490.9,451.6,282,299204,1,
2010,tl,jumbled,2,5,93,404.7,236.5,127,198066,1,
2011,tl,jumbled,3,1,128,482,560.8,175,167817,1,
2012,tl,jumbled,3,2,125,346.5,298.6,173,268175,1,
2013,tl,jumbled,3,3,158,389.1,346.6,212,288161,1,
2014,tl,jumbled,3,4,149,367.3,339.6,197,278682,1,
2015,tl,jumbled,3,5,27,210.2,170.6,55,144433,1,
2016,tl,jumbled,4,1,95,394.3,252,131,202692,1,
2017,tl,jumbled,4,2,167,399.1,348.4,216,288963,1,
2018,tl,jumbled,4,3,89,295.9,249.9,129,236350,1,
2019,tl,jumbled,4,4,181,438.2,393.2,245,294684,1,
2020,tl,jumbled,4,5,214,499.7,445.2,280,296328,1,
2021,tl,jumbled,5,1,59,275.3,219.9,87,175687,1,
2022,tl,jumbled,5,2,206,473.1,427.3,268,297645,1,
2023,tl,jumbled,5,3,181,423.9,420.8,236,279389,1,
2024,tl,jumbled,5,4,96,328.4,252.7,136,234039,1,
2025,tl,jumbled,5,5,167,386.9,345.8,216,294800,1,
2026,tl,real_message,1,1,400,676.9,629.8,412,315298,1,
2027,tl,real_message,1,2,400,681.6,618.9,412,316801,1,
2028,tl,real_message,1,3,400,708.7,622.1,410,308085,1,
2029,tl,real_message,1,4,400,733.1,618.4,411,304107,1,
2030,tl,real_message,1,5,400,758,785.4,412,266943,1,
2031,tl,real_message,2,1,400,692,619.5,412,314144,1,
2032,tl,real_message,2,2,400,671.9,618.1,412,319380,1,
2033,tl,real_message,2,3,400,697.8,710.3,410,291173,1,
2034,tl,real_message,2,4,400,678.1,620.2,411,316568,1,
2035,tl,real_message,2,5,400,702.9,624,412,310498,1,
2036,tl,real_message,3,1,400,671.3,628.3,412,317021,1,
2037,tl,real_message,3,2,400,764.4,715.1,412,278472,1,
2038,tl,real_message,3,3,400,683.8,629.6,410,312167,1,
2039,tl,real_message,3,4,400,690.1,617,411,314437,1,
2040,tl,real_message,3,5,400,693.4,687.6,412,298335,1,
2041,tl,real_message,4,1,400,679.5,630.9,412,314408,1,
2042,tl,real_message,4,2,400,697.3,643.9,412,307188,1,
2043,tl,real_message,4,3,400,677.1,625.9,410,314658,1,
2044,tl,real_message,4,4,400,973.2,1084.7,411,199718,1,
2045,tl,real_message,4,5,400,742.5,619.4,412,302519,1,
2046,tl,real_message,5,1,400,1077.1,1179.3,412,182592,1,
2047,tl,real_message,5,2,400,863.7,629.1,412,275991,1,
2048,tl,real_message,5,3,400,703,1106.3,410,226607,1,
2049,tl,real_message,5,4,400,693.4,647.9,411,306419,1,
2050,tl,real_message,5,5,400,691.9,875.4,412,262872,1,
2051,tl,repeated_phrase,1,1,91,295.4,221.9,111,214576,1,
2052,tl,repeated_phrase,1,2,87,256.5,220.8,107,224178,1,
2053,tl,repeated_phrase,1,3,65,237,201.4,85,193887,1,
2054,tl,repeated_phrase,1,4,46,216.3,185.2,66,164384,1,
2055,tl,repeated_phrase,1,5,68,245.6,201.3,88,196912,1,
2056,tl,repeated_phrase,2,1,145,328.2,282.5,165,270182,1,
2057,tl,repeated_phrase,2,2,198,754.3,461.1,218,179365,1,
2058,tl,repeated_phrase,2,3,106,276.7,235.1,126,246190,1,
2059,tl,repeated_phrase,2,4,183,419.7,332,203,270055,1,
2060,tl,repeated_phrase,2,5,70,239.4,201.2,90,204267,1,
2061,tl,repeated_phrase,3,1,105,520.6,451.6,125,128574,1,
2062,tl,repeated_phrase,3,2,107,272.9,233.6,127,250740,1,
2063,tl,repeated_phrase,3,3,205,424.9,363.1,225,285533,1,
2064,tl,repeated_phrase,3,4,37,203.8,170.1,57,152447,1,
2065,tl,repeated_phrase,3,5,178,367.4,329.4,198,284156,1,
2066,tl,repeated_phrase,4,1,67,261,201.4,87,188149,1,
2067,tl,repeated_phrase,4,2,211,433.1,379.3,231,284343,1,
2068,tl,repeated_phrase,4,3,65,236,288.4,85,162090,1,
2069,tl,repeated_phrase,4,4,132,315,267.5,152,260944,1,
2070,tl,repeated_phrase,4,5,32,200.8,169.5,52,140427,1,
2071,tl,repeated_phrase,5,1,32,200.4,170.6,52,140162,1,
2072,tl,repeated_phrase,5,2,165,351.2,313.4,185,278363,1,
2073,tl,repeated_phrase,5,3,146,322.5,282.1,166,274562,1,
2074,tl,repeated_phrase,5,4,130,308.2,265.4,150,261506,1,
2075,tl,repeated_phrase,5,5,42,212.9,184.2,62,156132,1,
2076,tl,edge_case,1,1,0,194.6,139.4,20,59880.2,1,
2077,tl,edge_case,1,2,1,172.8,146.5,21,65768.9,1,
2078,tl,edge_case,1,3,19,170,137.5,19,61788.6,1,
2079,tl,edge_case,1,4,25,165.2,136.3,25,82918.7,1,
2080,tl,edge_case,1,5,25,182.5,153.4,45,133968,1,
2081,tl,edge_case,2,1,0,167.6,137.9,20,65466.4,1,
2082,tl,edge_case,2,2,1,165.4,151.3,21,66308.8,1,
2083,tl,edge_case,2,3,19,165.6,136.5,19,62893.1,1,
2084,tl,edge_case,2,4,25,167.2,161.8,25,75987.8,1,
2085,tl,edge_case,2,5,25,195.4,153.6,45,128940,1,
2086,tl,edge_case,3,1,0,166.9,138.5,20,65487.9,1,
2087,tl,edge_case,3,2,1,168.4,137.1,21,68739.8,1,
2088,tl,edge_case,3,3,19,164.6,137.8,19,62830.7,1,
2089,tl,edge_case,3,4,25,165.2,137,25,82726.7,1,
2090,tl,edge_case,3,5,25,179.9,153.5,45,134973,1,
2091,tl,edge_case,4,1,0,182.8,138.5,20,62247.1,1,
2092,tl,edge_case,4,2,1,166.4,137.9,21,69010.8,1,
2093,tl,edge_case,4,3,19,164.3,137.6,19,62934.7,1,
2094,tl,edge_case,4,4,25,220.2,139.9,25,69425.2,1,
2095,tl,edge_case,4,5,25,276.5,156,45,104046,1,
2096,tl,edge_case,5,1,0,170.3,138.4,20,64787.8,1,
2097,tl,edge_case,5,2,1,166.1,137.2,21,69238.4,1,
2098,tl,edge_case,5,3,19,166.5,136.7,19,62664.9,1,
2099,tl,edge_case,5,4,25,161.9,136.9,25,83668,1,
2100,tl,edge_case,5,5,25,181.2,152.4,45,134892,1,
2101,zh,same_char,1,1,142,325.1,283.8,162,266054,1,
2102,zh,same_char,1,2,94,285,234.2,114,219569,1,
2103,zh,same_char,1,3,60,217.3,185.2,80,198758,1,
2104,zh,same_char,1,4,150,316.4,281.5,170,284328,1,
2105,zh,same_char,1,5,36,229.5,247.8,56,117327,1,
2106,zh,same_char,2,1,100,281,234.1,120,232964,1,
2107,zh,same_char,2,2,218,423,377.2,238,297426,1,
2108,zh,same_char,2,3,40,199.8,185.1,60,155885,1,
2109,zh,same_char,2,4,202,403.7,371.2,222,286489,1,
2110,zh,same_char,2,5,23,184,153.1,43,127559,1,
2111,zh,same_char,3,1,180,424.7,417.8,200,237389,1,
2112,zh,same_char,3,2,98,277,234.4,118,230739,1,
2113,zh,same_char,3,3,66,253.6,203,86,188349,1,
2114,zh,same_char,3,4,145,327.4,281.2,165,271114,1,
2115,zh,same_char,3,5,219,424.6,379.1,239,297375,1,
2116,zh,same_char,4,1,34,200.9,169.7,54,145710,1,
2117,zh,same_char,4,2,95,267.1,233.7,115,229633,1,
2118,zh,same_char,4,3,58,307.2,187.8,78,157576,1,
2119,zh,same_char,4,4,117,293,249.9,137,252348,1,
2120,zh,same_char,4,5,90,251.9,218.4,110,233893,1,
2121,zh,same_char,5,1,28,183.7,154.4,48,141970,1,
2122,zh,same_char,5,2,175,368.9,329.6,195,279170,1,
2123,zh,same_char,5,3,153,338.5,299.7,173,271075,1,
2124,zh,same_char,5,4,130,300.6,266.2,150,264644,1,
2125,zh,same_char,5,5,166,431.4,318,186,248199,1,
2126,zh,alternating,1,1,208,405.4,364.5,228,296142,1,
2127,zh,alternating,1,2,124,292.9,251.9,144,264317,1,
2128,zh,alternating,1,3,116,284.3,249.6,136,254729,1,
2129,zh,alternating,1,4,79,254,219.2,99,209214,1,
2130,zh,alternating,1,5,185,380.9,332.6,205,287316,1,
2131,zh,alternating,2,1,54,217.7,186.4,74,183123,1,
2132,zh,alternating,2,2,129,301.9,266,149,262370,1,
2133,zh,alternating,2,3,163,351.1,313.7,183,275271,1,
2134,zh,alternating,2,4,26,183.8,153.2,46,136499,1,
2135,zh,alternating,2,5,205,443.2,425.6,225,258978,1,
2136,zh,alternating,3,1,58,242.5,188.2,78,181101,1,
2137,zh,alternating,3,2,41,205.2,170,61,162580,1,
2138,zh,alternating,3,3,192,388.7,355.5,212,284870,1,
2139,zh,alternating,3,4,164,349.2,313.1,184,277820,1,
2140,zh,alternating,3,5,179,417.9,331.6,199,265510,1,
2141,zh,alternating,4,1,205,416.9,531.1,225,237342,1,
2142,zh,alternating,4,2,168,364.9,315.9,188,276146,1,
2143,zh,alternating,4,3,186,397,346.1,206,277217,1,
2144,zh,alternating,4,4,105,266.8,234.6,125,249302,1,
2145,zh,alternating,4,5,150,317,282.7,170,283475,1,
2146,zh,alternating,5,1,144,317.7,282.5,164,273242,1,
2147,zh,alternating,5,2,151,363.2,300.2,171,257763,1,
2148,zh,alternating,5,3,155,337.1,298.7,175,275244,1,
2149,zh,alternating,5,4,166,360.3,315,186,275433,1,
2150,zh,alternating,5,5,187,382.5,345.7,207,284263,1,
2151,zh,cyclic,1,1,216,445.3,439.8,236,266637,1,
2152,zh,cyclic,1,2,34,207.7,170.3,54,142857,1,
2153,zh,cyclic,1,3,165,351.6,312.4,185,278614,1,
2154,zh,cyclic,1,4,166,348.9,323.6,186,276580,1,
2155,zh,cyclic,1,5,98,266.9,233,118,236047,1,
2156,zh,cyclic,2,1,31,204.8,171.2,51,135638,1,
2157,zh,cyclic,2,2,217,425.8,388.4,237,291083,1,
2158,zh,cyclic,2,3,200,447,374.8,220,267705,1,
2159,zh,cyclic,2,4,105,269.1,233.1,125,248905,1,
2160,zh,cyclic,2,5,79,250.7,217.7,99,211358,1,
2161,zh,cyclic,3,1,165,371.8,314,185,269758,1,
2162,zh,cyclic,3,2,124,283.8,249.2,144,270169,1,
2163,zh,cyclic,3,3,82,249.9,219.4,102,217345,1,
2164,zh,cyclic,3,4,152,347.8,374.7,172,238062,1,
2165,zh,cyclic,3,5,162,337.6,299.4,182,285714,1,
2166,zh,cyclic,4,1,129,316.9,265.4,149,255882,1,
2167,zh,cyclic,4,2,212,420.7,377.9,232,290508,1,
2168,zh,cyclic,4,3,37,199.3,169.9,57,154388,1,
2169,zh,cyclic,4,4,65,232.2,200.5,85,196441,1,
2170,zh,cyclic,4,5,112,300.8,250.5,132,239434,1,
2171,zh,cyclic,5,1,78,265.8,219.7,98,201854,1,
2172,zh,cyclic,5,2,160,333.6,363,180,258398,1,
2173,zh,cyclic,5,3,201,413.6,379.2,221,278759,1,
2174,zh,cyclic,5,4,141,319.9,282.4,161,267309,1,
2175,zh,cyclic,5,5,200,412.4,363.7,220,283469,1,
2176,zh,jumbled,1,1,113,303.9,266.5,155,271739,1,
2177,zh,jumbled,1,2,160,385,488.6,209,239240,1,
2178,zh,jumbled,1,3,102,290.4,250.7,138,255036,1,
2179,zh,jumbled,1,4,119,302.9,276.3,158,272790,1,
2180,zh,jumbled,1,5,24,198.1,168.6,49,133624,1,
2181,zh,jumbled,2,1,103,309.8,336.8,141,218064,1,
2182,zh,jumbled,2,2,25,216.5,169.4,52,134750,1,
2183,zh,jumbled,2,3,183,426.8,380.1,231,286281,1,
2184,zh,jumbled,2,4,115,310.2,267.5,153,264843,1,
2185,zh,jumbled,2,5,208,472.8,425.6,268,298308,1,
2186,zh,jumbled,3,1,119,319.1,282.7,163,270854,1,
2187,zh,jumbled,3,2,166,418.2,363.3,218,278951,1,
2188,zh,jumbled,3,3,123,341.7,282.1,166,266111,1,
2189,zh,jumbled,3,4,46,262.5,201.6,74,159448,1,
2190,zh,jumbled,3,5,40,221.4,186.2,66,161923,1,
2191,zh,jumbled,4,1,142,352.8,314.7,187,280150,1,
2192,zh,jumbled,4,2,105,285.3,303.3,142,241250,1,
2193,zh,jumbled,4,3,42,222.4,186.9,68,166137,1,
2194,zh,jumbled,4,4,178,433.4,462.3,230,256782,1,
2195,zh,jumbled,4,5,149,373.7,341,196,274241,1,
2196,zh,jumbled,5,1,52,218.4,186.9,80,197385,1,
2197,zh,jumbled,5,2,214,480.9,426.2,269,296549,1,
2198,zh,jumbled,5,3,39,245.3,216.5,67,145084,1,
2199,zh,jumbled,5,4,25,220.9,171.2,51,130069,1,
2200,zh,jumbled,5,5,211,497,445.2,271,287625,1,
2201,zh,real_message,1,1,400,659.4,1019.6,407,242406,1,
2202,zh,real_message,1,2,400,675.6,602.5,406,317659,1,
2203,zh,real_message,1,3,400,679.6,613.2,407,314821,1,
2204,zh,real_message,1,4,400,687.5,617.6,408,312620,1,
2205,zh,real_message,1,5,400,676.1,626.8,408,313148,1,
2206,zh,real_message,2,1,400,672,604.1,407,318941,1,
2207,zh,real_message,2,2,400,654,614.4,406,320088,1,
2208,zh,real_message,2,3,400,659.5,600.5,407,323016,1,
2209,zh,real_message,2,4,400,689.6,632.3,408,308647,1,
2210,zh,real_message,2,5,400,674.9,619.6,408,315180,1,
2211,zh,real_message,3,1,400,663.1,790,407,280091,1,
2212,zh,real_message,3,2,400,677.8,604.3,406,316668,1,
2213,zh,real_message,3,3,400,653.6,601.1,407,324380,1,
2214,zh,real_message,3,4,400,669.6,627.8,408,314475,1,
2215,zh,real_message,3,5,400,695.4,617.4,408,310786,1,
2216,zh,real_message,4,1,400,657.3,603.2,407,322888,1,
2217,zh,real_message,4,2,400,656.2,822.1,406,274640,1,
2218,zh,real_message,4,3,400,732.8,662.4,407,291714,1,
2219,zh,real_message,4,4,400,687.7,619.4,408,312141,1,
2220,zh,real_message,4,5,400,947.7,703.3,408,247123,1,
2221,zh,real_message,5,1,400,783,603,407,293651,1,
2222,zh,real_message,5,2,400,664.8,614.7,406,317311,1,
2223,zh,real_message,5,3,400,741.9,879.9,407,250956,1,
2224,zh,real_message,5,4,400,816.7,723.3,408,264935,1,
2225,zh,real_message,5,5,400,679.9,855.5,408,265729,1,
2226,zh,repeated_phrase,1,1,134,300.9,265.8,154,271749,1,
2227,zh,repeated_phrase,1,2,36,201.1,169.1,56,151270,1,
2228,zh,repeated_phrase,1,3,35,219.9,169.5,55,141243,1,
2229,zh,repeated_phrase,1,4,92,457.8,240.3,112,160435,1,
2230,zh,repeated_phrase,1,5,170,361.8,315,190,280733,1,
2231,zh,repeated_phrase,2,1,64,234,216.4,84,186501,1,
2232,zh,repeated_phrase,2,2,172,364.9,314.2,192,282727,1,
2233,zh,repeated_phrase,2,3,130,587.6,518.1,150,135661,1,
2234,zh,repeated_phrase,2,4,72,294.7,285.6,92,158539,1,
2235,zh,repeated_phrase,2,5,139,385.8,300.9,159,231542,1,
2236,zh,repeated_phrase,3,1,88,254.1,218.9,108,228330,1,
2237,zh,repeated_phrase,3,2,167,362.2,314.6,187,276300,1,
2238,zh,repeated_phrase,3,3,169,360.5,314.3,189,280083,1,
2239,zh,repeated_phrase,3,4,140,318.6,331.5,160,246116,1,
2240,zh,repeated_phrase,3,5,26,343.3,263.7,46,75782.5,1,
2241,zh,repeated_phrase,4,1,120,292.3,272.9,140,247700,1,
2242,zh,repeated_phrase,4,2,46,430.6,190.3,66,106297,1,
2243,zh,repeated_phrase,4,3,33,203.7,186,53,136002,1,
2244,zh,repeated_phrase,4,4,56,218,185.4,76,188399,1,
2245,zh,repeated_phrase,4,5,126,300.4,264.6,146,258407,1,
2246,zh,repeated_phrase,5,1,64,234.4,201.7,84,192616,1,
2247,zh,repeated_phrase,5,2,61,373.2,203.5,81,140454,1,
2248,zh,repeated_phrase,5,3,70,237.6,201.4,90,205011,1,
2249,zh,repeated_phrase,5,4,152,339.4,298.4,172,269677,1,
2250,zh,repeated_phrase,5,5,133,320,275.9,153,256754,1,
2251,zh,edge_case,1,1,0,169.5,138.1,20,65019.5,1,
2252,zh,edge_case,1,2,1,173.4,138.6,21,67307.7,1,
2253,zh,edge_case,1,3,19,166.8,272.8,19,43221.1,1,
2254,zh,edge_case,1,4,25,239.3,139.1,25,66067.7,1,
2255,zh,edge_case,1,5,25,187.3,153,45,132236,1,
2256,zh,edge_case,2,1,0,167.6,138.2,20,65402.2,1,
2257,zh,edge_case,2,2,1,166.4,152.1,21,65934.1,1,
2258,zh,edge_case,2,3,19,166.2,196,19,52457.2,1,
2259,zh,edge_case,2,4,25,260.6,139.8,25,62437.6,1,
2260,zh,edge_case,2,5,25,190.6,155,45,130208,1,
2261,zh,edge_case,3,1,0,167.7,138.3,20,65359.5,1,
2262,zh,edge_case,3,2,1,166.3,137.3,21,69170,1,
2263,zh,edge_case,3,3,19,165.1,137,19,62893.1,1,
2264,zh,edge_case,3,4,25,165,137.1,25,82754.1,1,
2265,zh,edge_case,3,5,25,259.3,155.7,45,108434,1,
2266,zh,edge_case,4,1,0,168.3,137.9,20,65316.8,1,
2267,zh,edge_case,4,2,1,164.4,136.5,21,69790.6,1,
2268,zh,edge_case,4,3,19,164.1,150.4,19,60413.4,1,
2269,zh,edge_case,4,4,25,164.5,137.1,25,82891.2,1,
2270,zh,edge_case,4,5,25,181.3,153.2,45,134529,1,
2271,zh,edge_case,5,1,0,166.8,138.2,20,65573.8,1,
2272,zh,edge_case,5,2,1,165.7,137.2,21,69329.8,1,
2273,zh,edge_case,5,3,19,166.6,137.4,19,62500,1,
2274,zh,edge_case,5,4,25,164.4,138.2,25,82617.3,1,
2275,zh,edge_case,5,5,25,182.2,153,45,134248,1,
2276,cs,same_char,1,1,53,226,233.8,73,158765,1,
2277,cs,same_char,1,2,102,272.3,234.5,122,240726,1,
2278,cs,same_char,1,3,121,431.6,254.6,141,205479,1,
2279,cs,same_char,1,4,106,270.8,234.4,126,249406,1,
2280,cs,same_char,1,5,98,266.2,234,118,235906,1,
2281,cs,same_char,2,1,217,423.5,380.3,237,294849,1,
2282,cs,same_char,2,2,184,516,331.7,204,240651,1,
2283,cs,same_char,2,3,53,237,186.1,73,172536,1,
2284,cs,same_char,2,4,210,433.8,381,230,282278,1,
2285,cs,same_char,2,5,90,262.3,217.7,110,229167,1,
2286,cs,same_char,3,1,160,336.8,312.9,180,277051,1,
2287,cs,same_char,3,2,207,417.4,558.1,227,232701,1,
2288,cs,same_char,3,3,36,268.4,192.8,56,121422,1,
2289,cs,same_char,3,4,36,216,170.4,56,144928,1,
2290,cs,same_char,3,5,56,246.6,185.8,76,175763,1,
2291,cs,same_char,4,1,53,219.2,186.6,73,179892,1,
2292,cs,same_char,4,2,119,386.5,250.9,139,218073,1,
2293,cs,same_char,4,3,90,270.3,218,110,225271,1,
2294,cs,same_char,4,4,147,328.1,282.3,167,273591,1,
2295,cs,same_char,4,5,94,489.2,252.4,114,153722,1,
2296,cs,same_char,5,1,21,185.2,154.5,41,120695,1,
2297,cs,same_char,5,2,146,318.9,281.7,166,276390,1,
2298,cs,same_char,5,3,170,359.1,313.9,190,282318,1,
2299,cs,same_char,5,4,122,284.5,249.2,142,266067,1,
2300,cs,same_char,5,5,94,266.8,232.7,114,228228,1,
2301,cs,alternating,1,1,148,330.5,500.7,168,202117,1,
2302,cs,alternating,1,2,111,298.8,251.1,131,238225,1,
2303,cs,alternating,1,3,129,301.1,265,149,263204,1,
2304,cs,alternating,1,4,55,219.2,185.5,75,185322,1,
2305,cs,alternating,1,5,92,248.9,217.5,112,240137,1,
2306,cs,alternating,2,1,208,402.6,408.4,228,281134,1,
2307,cs,alternating,2,2,143,322.6,295.8,163,263583,1,
2308,cs,alternating,2,3,115,498.7,441.2,135,143632,1,
2309,cs,alternating,2,4,178,372.6,339,198,278246,1,
2310,cs,alternating,2,5,158,340.2,299.1,178,278430,1,
2311,cs,alternating,3,1,132,302,265.9,152,267653,1,
2312,cs,alternating,3,2,109,356.7,249.7,129,212731,1,
2313,cs,alternating,3,3,182,452.6,346.1,202,252911,1,
2314,cs,alternating,3,4,111,286,248.9,131,244906,1,
2315,cs,alternating,3,5,202,402.8,390.7,222,279773,1,
2316,cs,alternating,4,1,166,362.6,314.3,186,274782,1,
2317,cs,alternating,4,2,67,311,202.5,87,169426,1,
2318,cs,alternating,4,3,158,343.7,297.9,178,277431,1,
2319,cs,alternating,4,4,66,258.1,203.7,86,186228,1,
2320,cs,alternating,4,5,71,233,201,91,209677,1,
2321,cs,alternating,5,1,129,301.8,266.9,149,262001,1,
2322,cs,alternating,5,2,42,202.3,170.2,62,166443,1,
2323,cs,alternating,5,3,146,317.2,282.7,166,276713,1,
2324,cs,alternating,5,4,35,206.6,171.1,55,145618,1,
2325,cs,alternating,5,5,181,370.9,330,201,286774,1,
2326,cs,cyclic,1,1,182,372,330.5,202,287544,1,
2327,cs,cyclic,1,2,32,200,169.8,52,140617,1,
2328,cs,cyclic,1,3,202,398.6,361.7,222,291990,1,
2329,cs,cyclic,1,4,47,216.9,196.5,67,162071,1,
2330,cs,cyclic,1,5,40,206.1,170.3,60,159405,1,
2331,cs,cyclic,2,1,101,267.2,246.7,121,235454,1,
2332,cs,cyclic,2,2,79,248.9,217.9,99,212082,1,
2333,cs,cyclic,2,3,216,547.9,381.9,236,253818,1,
2334,cs,cyclic,2,4,141,322.2,290.1,161,262943,1,
2335,cs,cyclic,2,5,209,398.9,362.3,229,300841,1,
2336,cs,cyclic,3,1,210,422.1,389.8,230,283286,1,
2337,cs,cyclic,3,2,83,251,217.6,103,219804,1,
2338,cs,cyclic,3,3,120,334.3,251.9,140,238826,1,
2339,cs,cyclic,3,4,22,188.9,154.7,42,122235,1,
2340,cs,cyclic,3,5,23,181.9,152.7,43,128512,1,
2341,cs,cyclic,4,1,111,296.6,249.7,131,239795,1,
2342,cs,cyclic,4,2,83,399.5,229.3,103,163804,1,
2343,cs,cyclic,4,3,92,754.2,411.1,112,96112.6,1,
2344,cs,cyclic,4,4,38,418.9,356.6,58,74790.5,1,
2345,cs,cyclic,4,5,167,360.4,512,187,214351,1,
2346,cs,cyclic,5,1,166,354.7,315.9,186,277364,1,
2347,cs,cyclic,5,2,207,427,362.4,227,287560,1,
2348,cs,cyclic,5,3,110,284.6,248.7,130,243765,1,
2349,cs,cyclic,5,4,151,341,297.8,171,267689,1,
2350,cs,cyclic,5,5,139,340.7,281.3,159,255627,1,
2351,cs,jumbled,1,1,39,389.7,329.7,67,93133.2,1,
2352,cs,jumbled,1,2,49,225.3,186.6,80,194222,1,
2353,cs,jumbled,1,3,114,307.3,266.5,155,270129,1,
2354,cs,jumbled,1,4,167,412.9,467.7,220,249830,1,
2355,cs,jumbled,1,5,118,316.2,267.3,158,270780,1,
2356,cs,jumbled,2,1,25,240.1,172,49,118903,1,
2357,cs,jumbled,2,2,115,313.5,264.7,155,268073,1,
2358,cs,jumbled,2,3,55,241.9,208.5,83,184281,1,
2359,cs,jumbled,2,4,95,307.6,251.4,133,237925,1,
2360,cs,jumbled,2,5,71,261.3,216.7,105,219665,1,
2361,cs,jumbled,3,1,155,382.9,355.2,208,281805,1,
2362,cs,jumbled,3,2,148,389,329.4,195,271437,1,
2363,cs,jumbled,3,3,86,289.8,234.6,123,234554,1,
2364,cs,jumbled,3,4,78,260,216.8,109,228607,1,
2365,cs,jumbled,3,5,163,393.4,347,216,291734,1,
2366,cs,jumbled,4,1,188,453,401.2,246,287989,1,
2367,cs,jumbled,4,2,41,219.7,185.5,66,162883,1,
2368,cs,jumbled,4,3,104,293.1,249.3,144,265487,1,
2369,cs,jumbled,4,4,114,301.8,266.3,155,272839,1,
2370,cs,jumbled,4,5,89,311.8,233.9,126,230896,1,
2371,cs,jumbled,5,1,117,319.8,281.6,160,266046,1,
2372,cs,jumbled,5,2,36,200,169.2,62,167931,1,
2373,cs,jumbled,5,3,154,385.1,345.9,207,283174,1,
2374,cs,jumbled,5,4,154,366.7,338.8,203,287739,1,
2375,cs,jumbled,5,5,210,497.3,411.8,262,288197,1,
2376,cs,real_message,1,1,400,678.7,603.6,406,316619,1,
2377,cs,real_message,1,2,400,652.6,609.1,406,321788,1,
2378,cs,real_message,1,3,400,663.1,610.9,406,318681,1,
2379,cs,real_message,1,4,400,650.8,596.2,404,323978,1,
2380,cs,real_message,1,5,400,663.2,600.6,404,319671,1,
2381,cs,real_message,2,1,400,670.4,602.6,406,318932,1,
2382,cs,real_message,2,2,400,654.8,609.8,406,321050,1,
2383,cs,real_message,2,3,400,930.6,1019.1,406,208237,1,
2384,cs,real_message,2,4,400,681.3,603,404,314568,1,
2385,cs,real_message,2,5,400,661.9,601.3,404,319823,1,
2386,cs,real_message,3,1,400,664.4,605,406,319836,1,
2387,cs,real_message,3,2,400,653.6,601.5,406,323480,1,
2388,cs,real_message,3,3,400,674.9,639.1,406,308980,1,
2389,cs,real_message,3,4,400,674.4,604.6,404,315872,1,
2390,cs,real_message,3,5,400,653.5,609.9,404,319772,1,
2391,cs,real_message,4,1,400,659.3,602.8,406,321686,1,
2392,cs,real_message,4,2,400,661.6,600.5,406,321686,1,
2393,cs,real_message,4,3,400,1293.1,828,406,191410,1,
2394,cs,real_message,4,4,400,689.9,603.1,404,312452,1,
2395,cs,real_message,4,5,400,665.4,601.3,404,318939,1,
2396,cs,real_message,5,1,400,658.7,602.8,406,321839,1,
2397,cs,real_message,5,2,400,666.4,602.9,406,319861,1,
2398,cs,real_message,5,3,400,664.7,643.2,406,310421,1,
2399,cs,real_message,5,4,400,665.8,601.7,404,318738,1,
2400,cs,real_message,5,5,400,676,604,404,315625,1,
2401,cs,repeated_phrase,1,1,194,431.6,349.3,214,274043,1,
2402,cs,repeated_phrase,1,2,105,269.2,233,125,248905,1,
2403,cs,repeated_phrase,1,3,163,352.1,313.3,183,275023,1,
2404,cs,repeated_phrase,1,4,196,395.8,347.7,216,290518,1,
2405,cs,repeated_phrase,1,5,21,186.7,153.3,41,120588,1,
2406,cs,repeated_phrase,2,1,129,309.4,266.7,149,258636,1,
2407,cs,repeated_phrase,2,2,127,307.2,265.6,147,256634,1,
2408,cs,repeated_phrase,2,3,104,266.5,241.9,124,243902,1,
2409,cs,repeated_phrase,2,4,46,216.2,184.6,66,164671,1,
2410,cs,repeated_phrase,2,5,155,337.7,297.3,175,275591,1,
2411,cs,repeated_phrase,3,1,118,284.7,250.1,138,258040,1,
2412,cs,repeated_phrase,3,2,59,214.2,185.1,79,197846,1,
2413,cs,repeated_phrase,3,3,88,259.7,219.4,108,225423,1,
2414,cs,repeated_phrase,3,4,113,289,250.5,133,246525,1,
2415,cs,repeated_phrase,3,5,33,200.6,169.1,53,143359,1,
2416,cs,repeated_phrase,4,1,49,218,186.2,69,170708,1,
2417,cs,repeated_phrase,4,2,213,449,379.3,233,281299,1,
2418,cs,repeated_phrase,4,3,63,524.7,393.2,83,90423.8,1,
2419,cs,repeated_phrase,4,4,179,380.2,331.6,199,279573,1,
2420,cs,repeated_phrase,4,5,111,285.5,250,131,244631,1,
2421,cs,repeated_phrase,5,1,90,251.4,218.7,110,233993,1,
2422,cs,repeated_phrase,5,2,205,416.7,359.2,225,289986,1,
2423,cs,repeated_phrase,5,3,209,411.8,362.4,229,295789,1,
2424,cs,repeated_phrase,5,4,219,433.2,379.3,239,294154,1,
2425,cs,repeated_phrase,5,5,30,202.6,170.6,50,133976,1,
2426,cs,edge_case,1,1,0,168.6,138.9,20,65040.7,1,
2427,cs,edge_case,1,2,1,166.5,137.6,21,69056.2,1,
2428,cs,edge_case,1,3,19,170.2,137.8,19,61688.3,1,
2429,cs,edge_case,1,4,25,164.8,137.9,25,82590,1,
2430,cs,edge_case,1,5,25,183.8,153.2,45,133531,1,
2431,cs,edge_case,2,1,0,166.8,137.9,20,65638.3,1,
2432,cs,edge_case,2,2,1,178.8,136.7,21,66561,1,
2433,cs,edge_case,2,3,19,162.4,136.5,19,63566.4,1,
2434,cs,edge_case,2,4,25,164,181.8,25,72296.1,1,
2435,cs,edge_case,2,5,25,333.4,269.1,45,74688.8,1,
2436,cs,edge_case,3,1,0,170.5,138.5,20,64724.9,1,
2437,cs,edge_case,3,2,1,166.5,137,21,69192.8,1,
2438,cs,edge_case,3,3,19,165.5,137.1,19,62789.2,1,
2439,cs,edge_case,3,4,25,167.7,137.5,25,81913.5,1,
2440,cs,edge_case,3,5,25,182.1,153,45,134288,1,
2441,cs,edge_case,4,1,0,167.8,138.1,20,65380.8,1,
2442,cs,edge_case,4,2,1,165.6,136.9,21,69421.5,1,
2443,cs,edge_case,4,3,19,177.9,137.2,19,60298.3,1,
2444,cs,edge_case,4,4,25,165,136.7,25,82863.8,1,
2445,cs,edge_case,4,5,25,180.3,152.6,45,135176,1,
2446,cs,edge_case,5,1,0,167.2,138.8,20,65359.5,1,
2447,cs,edge_case,5,2,1,174,137.2,21,67480.7,1,
2448,cs,edge_case,5,3,19,166.1,137.4,19,62603,1,
2449,cs,edge_case,5,4,25,164.7,137.1,25,82836.3,1,
2450,cs,edge_case,5,5,25,181.4,152.8,45,134650,1,
2451,sk,same_char,1,1,63,241.4,234.6,83,174370,1,
2452,sk,same_char,1,2,35,258.2,274.7,55,103209,1,
2453,sk,same_char,1,3,51,226.9,186.9,71,171580,1,
2454,sk,same_char,1,4,74,232.9,200.7,94,216790,1,
2455,sk,same_char,1,5,118,283.3,249.5,138,259009,1,
2456,sk,same_char,2,1,201,413.8,362.8,221,284574,1,
2457,sk,same_char,2,2,56,218.4,186.4,76,187747,1,
2458,sk,same_char,2,3,217,421.9,378.2,237,296213,1,
2459,sk,same_char,2,4,99,274.5,234.3,119,233884,1,
2460,sk,same_char,2,5,49,226.8,186.4,69,166989,1,
2461,sk,same_char,3,1,32,200.6,170,52,140313,1,
2462,sk,same_char,3,2,185,370.2,329.7,205,292899,1,
2463,sk,same_char,3,3,216,471.4,378.3,236,277745,1,
2464,sk,same_char,3,4,196,386.2,436.4,216,262582,1,
2465,sk,same_char,3,5,24,188.8,165.8,44,124083,1,
2466,sk,same_char,4,1,117,286,250.5,137,255359,1,
2467,sk,same_char,4,2,194,388.2,345.3,214,291752,1,
2468,sk,same_char,4,3,44,199.1,169.8,64,173489,1,
2469,sk,same_char,4,4,48,216.8,185.7,68,168944,1,
2470,sk,same_char,4,5,128,298.6,266.2,148,262040,1,
2471,sk,same_char,5,1,139,365.9,283.3,159,244917,1,
2472,sk,same_char,5,2,205,422.4,367.3,225,284918,1,
2473,sk,same_char,5,3,102,268.1,233.6,122,243173,1,
2474,sk,same_char,5,4,141,392.4,303.7,161,231289,1,
2475,sk,same_char,5,5,98,509.1,289,118,147851,1,
2476,sk,alternating,1,1,208,428.3,362.6,228,288279,1,
2477,sk,alternating,1,2,76,245,203,96,214286,1,
2478,sk,alternating,1,3,96,266.4,234,116,231815,1,
2479,sk,alternating,1,4,136,297.5,265,156,277333,1,
2480,sk,alternating,1,5,146,392.4,283.3,166,245671,1,
2481,sk,alternating,2,1,121,323.2,325.6,141,217324,1,
2482,sk,alternating,2,2,31,202.1,169.9,51,137097,1,
2483,sk,alternating,2,3,190,398.8,405.8,210,260999,1,
2484,sk,alternating,2,4,93,276.2,235.5,113,220833,1,
2485,sk,alternating,2,5,181,381.4,328.6,201,283099,1,
2486,sk,alternating,3,1,96,268.1,233.7,116,231168,1,
2487,sk,alternating,3,2,58,215.3,184.7,78,195000,1,
2488,sk,alternating,3,3,150,539.9,283.9,170,206361,1,
2489,sk,alternating,3,4,217,425.9,378.8,237,294520,1,
2490,sk,alternating,3,5,67,238.7,202.3,87,197279,1,
2491,sk,alternating,4,1,100,269.3,233.9,120,238474,1,
2492,sk,alternating,4,2,25,182.1,153.1,45,134248,1,
2493,sk,alternating,4,3,164,350.3,323.2,184,273200,1,
2494,sk,alternating,4,4,81,264.5,217.7,101,209457,1,
2495,sk,alternating,4,5,143,315.5,280.3,163,273582,1,
2496,sk,alternating,5,1,150,354.9,282.4,170,266750,1,
2497,sk,alternating,5,2,43,200.3,169.5,63,170362,1,
2498,sk,alternating,5,3,192,384.3,345.5,212,290491,1,
2499,sk,alternating,5,4,139,315.6,280.7,159,266644,1,
2500,sk,alternating,5,5,188,394.9,346.3,208,280626,1,
2501,sk,cyclic,1,1,102,267.4,235.5,122,242593,1,
2502,sk,cyclic,1,2,46,229.3,186.6,66,158692,1,
2503,sk,cyclic,1,3,138,311.2,265.9,158,273783,1,
2504,sk,cyclic,1,4,102,265.6,233.3,122,244538,1,
2505,sk,cyclic,1,5,167,349.9,313.2,187,282009,1,
2506,sk,cyclic,2,1,138,300.1,265.4,158,279399,1,
2507,sk,cyclic,2,2,178,365.8,372.2,198,268293,1,
2508,sk,cyclic,2,3,49,226.9,184.3,69,167802,1,
2509,sk,cyclic,2,4,76,244.1,217.7,96,207882,1,
2510,sk,cyclic,2,5,179,376.6,329.3,199,281910,1,
2511,sk,cyclic,3,1,219,424.2,379.2,239,297486,1,
2512,sk,cyclic,3,2,24,185.2,153.4,44,129947,1,
2513,sk,cyclic,3,3,60,217.1,185.3,80,198807,1,
2514,sk,cyclic,3,4,159,339,299.4,179,280388,1,
2515,sk,cyclic,3,5,112,285.9,249.5,132,246545,1,
2516,sk,cyclic,4,1,210,425.2,381,230,285289,1,
2517,sk,cyclic,4,2,62,256.6,202.8,82,178494,1,
2518,sk,cyclic,4,3,115,295.7,250.5,135,247162,1,
2519,sk,cyclic,4,4,158,338.7,298.6,178,279303,1,
2520,sk,cyclic,4,5,175,378,341,195,271210,1,
2521,sk,cyclic,5,1,23,186.5,155.4,43,125768,1,
2522,sk,cyclic,5,2,202,402.3,367.1,222,288537,1,
2523,sk,cyclic,5,3,66,387.3,330.1,86,119877,1,
2524,sk,cyclic,5,4,76,237.6,246.8,96,198183,1,
2525,sk,cyclic,5,5,21,184,165.7,41,117243,1,
2526,sk,jumbled,1,1,198,447.4,395.2,252,299074,1,
2527,sk,jumbled,1,2,24,210.4,233.9,51,114787,1,
2528,sk,jumbled,1,3,218,500.4,675.4,278,236435,1,
2529,sk,jumbled,1,4,156,392.9,346,206,278793,1,
2530,sk,jumbled,1,5,145,351.4,313.3,193,290357,1,
2531,sk,jumbled,2,1,26,200.8,169.8,51,137615,1,
2532,sk,jumbled,2,2,121,316.4,280.7,163,272986,1,
2533,sk,jumbled,2,3,77,250.1,216.7,111,237789,1,
2534,sk,jumbled,2,4,133,351.2,313.6,178,267750,1,
2535,sk,jumbled,2,5,210,473.4,436.9,270,296606,1,
2536,sk,jumbled,3,1,209,469.2,426.2,273,304892,1,
2537,sk,jumbled,3,2,46,217,195.5,71,172121,1,
2538,sk,jumbled,3,3,98,426.4,298.2,139,191830,1,
2539,sk,jumbled,3,4,175,489.8,448.9,229,243954,1,
2540,sk,jumbled,3,5,38,205.4,171.6,62,164456,1,
2541,sk,jumbled,4,1,151,369,340.2,197,277778,1,
2542,sk,jumbled,4,2,132,338.5,298.7,176,276208,1,
2543,sk,jumbled,4,3,32,202.2,169.4,58,156082,1,
2544,sk,jumbled,4,4,146,377.8,332.7,196,275862,1,
2545,sk,jumbled,4,5,111,301.7,265.6,153,269699,1,
2546,sk,jumbled,5,1,149,378.8,329.9,197,277974,1,
2547,sk,jumbled,5,2,23,184.1,153.7,47,139136,1,
2548,sk,jumbled,5,3,181,445,442.5,242,272676,1,
2549,sk,jumbled,5,4,172,712.3,607.7,228,172727,1,
2550,sk,jumbled,5,5,38,226.2,202.1,65,151763,1,
2551,sk,real_message,1,1,400,683.7,620.6,409,313578,1,
2552,sk,real_message,1,2,400,1126.4,632.6,410,233087,1,
2553,sk,real_message,1,3,400,675,630.6,411,314798,1,
2554,sk,real_message,1,4,400,794.1,637.4,411,287111,1,
2555,sk,real_message,1,5,389,666.3,612.4,398,311254,1,
2556,sk,real_message,2,1,400,685,617.3,409,314060,1,
2557,sk,real_message,2,2,400,679.8,640.8,410,310465,1,
2558,sk,real_message,2,3,400,681.4,623.1,411,315063,1,
2559,sk,real_message,2,4,400,742.3,636.3,411,298129,1,
2560,sk,real_message,2,5,389,658.4,603.5,398,315397,1,
2561,sk,real_message,3,1,400,677.7,627.2,409,313434,1,
2562,sk,real_message,3,2,400,690.1,623.4,410,312143,1,
2563,sk,real_message,3,3,400,696.4,620.1,411,312191,1,
2564,sk,real_message,3,4,400,694.2,621.2,411,312452,1,
2565,sk,real_message,3,5,389,661.3,602.5,398,314923,1,
2566,sk,real_message,4,1,400,708.1,678.5,409,294966,1,
2567,sk,real_message,4,2,400,677.6,627.8,410,314080,1,
2568,sk,real_message,4,3,400,706.4,621.7,411,309465,1,
2569,sk,real_message,4,4,400,742.2,626.5,411,300285,1,
2570,sk,real_message,4,5,389,671.1,602.5,398,312500,1,
2571,sk,real_message,5,1,400,691.2,631,409,309333,1,
2572,sk,real_message,5,2,400,674.7,627,410,314973,1,
2573,sk,real_message,5,3,400,754.8,651.2,411,292319,1,
2574,sk,real_message,5,4,400,698.3,623.1,411,311034,1,
2575,sk,real_message,5,5,389,662.9,603.2,398,314351,1,
2576,sk,repeated_phrase,1,1,79,254.4,367,99,159318,1,
2577,sk,repeated_phrase,1,2,104,291.9,235,124,235339,1,
2578,sk,repeated_phrase,1,3,205,401.3,363,225,294387,1,
2579,sk,repeated_phrase,1,4,129,311.7,265.3,149,258232,1,
2580,sk,repeated_phrase,1,5,69,241.9,201.9,89,200541,1,
2581,sk,repeated_phrase,2,1,88,255.3,307.1,108,192034,1,
2582,sk,repeated_phrase,2,2,115,311,251.7,135,239915,1,
2583,sk,repeated_phrase,2,3,70,243.3,203.2,90,201568,1,
2584,sk,repeated_phrase,2,4,173,353.9,313.4,193,289225,1,
2585,sk,repeated_phrase,2,5,78,260,218.7,98,204721,1,
2586,sk,repeated_phrase,3,1,117,283.8,345.5,137,217702,1,
2587,sk,repeated_phrase,3,2,132,308.4,280.4,152,258152,1,
2588,sk,repeated_phrase,3,3,125,414.7,296.9,145,203766,1,
2589,sk,repeated_phrase,3,4,94,325.1,269.8,114,191629,1,
2590,sk,repeated_phrase,3,5,202,411.5,361.6,222,287156,1,
2591,sk,repeated_phrase,4,1,148,323.3,299.3,168,269836,1,
2592,sk,repeated_phrase,4,2,100,269,232.8,120,239139,1,
2593,sk,repeated_phrase,4,3,54,224.9,184.7,74,180664,1,
2594,sk,repeated_phrase,4,4,106,271,246.4,126,243525,1,
2595,sk,repeated_phrase,4,5,182,372.5,332.1,202,286687,1,
2596,sk,repeated_phrase,5,1,103,269.7,234.4,123,243999,1,
2597,sk,repeated_phrase,5,2,112,291.1,248,132,244853,1,
2598,sk,repeated_phrase,5,3,168,351.5,314.3,188,282367,1,
2599,sk,repeated_phrase,5,4,194,486,350.9,214,255706,1,
2600,sk,repeated_phrase,5,5,107,270.6,233.4,127,251984,1,
2601,sk,edge_case,1,1,0,170.2,152.1,20,62054,1,
2602,sk,edge_case,1,2,1,172,136.8,21,68005.2,1,
2603,sk,edge_case,1,3,19,165.2,136.3,19,63018.2,1,
2604,sk,edge_case,1,4,25,163.9,136.7,25,83167,1,
2605,sk,edge_case,1,5,25,183.9,153.2,45,133492,1,
2606,sk,edge_case,2,1,0,167.6,137.8,20,65487.9,1,
2607,sk,edge_case,2,2,1,165.1,136.7,21,69582.5,1,
2608,sk,edge_case,2,3,19,163.7,182.2,19,54929.2,1,
2609,sk,edge_case,2,4,25,167.6,137.9,25,81833.1,1,
2610,sk,edge_case,2,5,25,181.9,152.9,45,134409,1,
2611,sk,edge_case,3,1,0,168.2,138.5,20,65210.3,1,
2612,sk,edge_case,3,2,1,165.2,176.1,21,61529.4,1,
2613,sk,edge_case,3,3,19,182.8,138.2,19,59190,1,
2614,sk,edge_case,3,4,25,164.4,137.2,25,82891.2,1,
2615,sk,edge_case,3,5,25,181.7,154.1,45,134008,1,
2616,sk,edge_case,4,1,0,167.4,137.7,20,65552.3,1,
2617,sk,edge_case,4,2,1,163.8,136.9,21,69837,1,
2618,sk,edge_case,4,3,19,166.7,137,19,62561.7,1,
2619,sk,edge_case,4,4,25,163.4,136.8,25,83277.8,1,
2620,sk,edge_case,4,5,25,186.3,201.9,45,115920,1,
2621,sk,edge_case,5,1,0,168,138.3,20,65295.5,1,
2622,sk,edge_case,5,2,1,179.7,137.7,21,66162.6,1,
2623,sk,edge_case,5,3,19,166,137.7,19,62561.7,1,
2624,sk,edge_case,5,4,25,164.5,137.3,25,82836.3,1,
2625,sk,edge_case,5,5,25,191.6,153.6,45,130359,1,
2626,tr,same_char,1,1,90,253.3,218.4,110,233199,1,
2627,tr,same_char,1,2,94,271.7,233.5,114,225653,1,
2628,tr,same_char,1,3,159,338.6,298.2,179,281093,1,
2629,tr,same_char,1,4,115,293.8,249.6,135,248436,1,
2630,tr,same_char,1,5,208,412.2,363.1,228,294080,1,
2631,tr,same_char,2,1,218,422.4,378.5,238,297166,1,
2632,tr,same_char,2,2,115,287.4,249.9,135,251256,1,
2633,tr,same_char,2,3,203,399.2,360.9,223,293382,1,
2634,tr,same_char,2,4,170,482.8,331.4,190,233358,1,
2635,tr,same_char,2,5,81,257.1,218.7,101,212274,1,
2636,tr,same_char,3,1,29,200.1,169.4,49,132612,1,
2637,tr,same_char,3,2,187,619.5,516.5,207,182218,1,
2638,tr,same_char,3,3,165,361.9,324.9,185,269365,1,
2639,tr,same_char,3,4,97,267.2,232.6,117,234094,1,
2640,tr,same_char,3,5,140,321.1,381.5,160,227726,1,
2641,tr,same_char,4,1,199,404.4,366.5,219,284084,1,
2642,tr,same_char,4,2,219,429.1,379.3,239,295646,1,
2643,tr,same_char,4,3,48,220.9,185.8,68,167199,1,
2644,tr,same_char,4,4,205,417.7,362.1,225,288536,1,
2645,tr,same_char,4,5,43,274.4,223.5,63,126531,1,
2646,tr,same_char,5,1,133,336.7,513.9,153,179873,1,
2647,tr,same_char,5,2,41,407,338.6,61,81813.3,1,
2648,tr,same_char,5,3,94,275.2,234.9,114,223486,1,
2649,tr,same_char,5,4,108,266.7,233.9,128,255693,1,
2650,tr,same_char,5,5,60,216.2,185.6,80,199104,1,
2651,tr,alternating,1,1,140,545.4,302.1,160,188791,1,
2652,tr,alternating,1,2,183,378,534.8,203,222393,1,
2653,tr,alternating,1,3,192,762.9,688.3,212,146086,1,
2654,tr,alternating,1,4,26,264.9,156.6,46,109134,1,
2655,tr,alternating,1,5,112,285.9,250.7,132,245993,1,
2656,tr,alternating,2,1,158,386.4,299.9,178,259362,1,
2657,tr,alternating,2,2,108,268.1,233.6,128,255133,1,
2658,tr,alternating,2,3,36,198.6,169.1,56,152298,1,
2659,tr,alternating,2,4,32,197.1,178.9,52,138298,1,
2660,tr,alternating,2,5,47,233.8,185.5,67,159790,1,
2661,tr,alternating,3,1,156,398.3,299.3,176,252294,1,
2662,tr,alternating,3,2,82,249.3,217.5,102,218509,1,
2663,tr,alternating,3,3,205,501.1,553.6,225,213331,1,
2664,tr,alternating,3,4,216,436.9,379.9,236,288932,1,
2665,tr,alternating,3,5,80,263,217.7,100,208030,1,
2666,tr,alternating,4,1,88,250,217.7,108,230917,1,
2667,tr,alternating,4,2,191,385.6,345.2,211,288725,1,
2668,tr,alternating,4,3,172,350.8,428.3,192,246438,1,
2669,tr,alternating,4,4,104,297.5,235.9,124,232471,1,
2670,tr,alternating,4,5,39,199.6,169.1,59,160022,1,
2671,tr,alternating,5,1,154,342.1,343.8,174,253681,1,
2672,tr,alternating,5,2,210,430.8,377.9,230,284407,1,
2673,tr,alternating,5,3,159,345.9,299.3,179,277433,1,
2674,tr,alternating,5,4,175,377.6,330.4,195,275424,1,
2675,tr,alternating,5,5,97,277.7,233.2,117,229008,1,
2676,tr,cyclic,1,1,206,411.5,362.9,226,291839,1,
2677,tr,cyclic,1,2,70,234.3,202.3,90,206138,1,
2678,tr,cyclic,1,3,29,208.8,168.8,49,129767,1,
2679,tr,cyclic,1,4,70,231.8,200.8,90,208044,1,
2680,tr,cyclic,1,5,206,450.3,362.6,226,278017,1,
2681,tr,cyclic,2,1,104,278.1,234.7,124,241810,1,
2682,tr,cyclic,2,2,140,316.3,282.3,160,267290,1,
2683,tr,cyclic,2,3,129,300.9,265.6,149,263019,1,
2684,tr,cyclic,2,4,210,432,379.1,230,283566,1,
2685,tr,cyclic,2,5,61,234,201.7,81,185908,1,
2686,tr,cyclic,3,1,65,243,204.6,85,189902,1,
2687,tr,cyclic,3,2,201,418.1,365.1,221,282176,1,
2688,tr,cyclic,3,3,76,235.2,201.8,96,219680,1,
2689,tr,cyclic,3,4,93,266.6,234,113,225729,1,
2690,tr,cyclic,3,5,53,218.6,186.2,73,180336,1,
2691,tr,cyclic,4,1,26,185.5,153.5,46,135693,1,
2692,tr,cyclic,4,2,46,218.5,185.3,66,163447,1,
2693,tr,cyclic,4,3,185,390.8,331.2,205,283934,1,
2694,tr,cyclic,4,4,166,365.3,335.4,186,265449,1,
2695,tr,cyclic,4,5,209,403.6,360.5,229,299699,1,
2696,tr,cyclic,5,1,103,263,233.8,123,247585,1,
2697,tr,cyclic,5,2,87,249.7,217.9,107,228828,1,
2698,tr,cyclic,5,3,181,375.2,342.1,201,280217,1,
2699,tr,cyclic,5,4,155,341.3,299.2,175,273224,1,
2700,tr,cyclic,5,5,108,266.5,233.6,128,255949,1,
2701,tr,jumbled,1,1,165,386.7,345.7,216,294921,1,
2702,tr,jumbled,1,2,44,216.5,185.7,74,183988,1,
2703,tr,jumbled,1,3,207,472.3,409.5,264,299388,1,
2704,tr,jumbled,1,4,158,384,344.5,209,286891,1,
2705,tr,jumbled,1,5,208,471.2,424.6,267,298058,1,
2706,tr,jumbled,2,1,154,369.3,329.9,198,283181,1,
2707,tr,jumbled,2,2,81,285.6,235.6,115,220645,1,
2708,tr,jumbled,2,3,26,200,169.6,52,140693,1,
2709,tr,jumbled,2,4,204,460.8,409.1,258,296586,1,
2710,tr,jumbled,2,5,201,437.6,392.8,252,303468,1,
2711,tr,jumbled,3,1,95,285.4,250.1,134,250233,1,
2712,tr,jumbled,3,2,146,373.1,329.5,195,277541,1,
2713,tr,jumbled,3,3,33,202.9,182.3,62,160955,1,
2714,tr,jumbled,3,4,213,490.3,425,269,293893,1,
2715,tr,jumbled,3,5,106,292.1,251.1,141,259573,1,
2716,tr,jumbled,4,1,96,284.1,262,134,245376,1,
2717,tr,jumbled,4,2,158,370.2,329.1,205,293150,1,
2718,tr,jumbled,4,3,26,200.2,168.8,51,138211,1,
2719,tr,jumbled,4,4,24,181.6,163.3,45,130473,1,
2720,tr,jumbled,4,5,22,181.2,152.2,45,134973,1,
2721,tr,jumbled,5,1,28,200.4,170,53,143089,1,
2722,tr,jumbled,5,2,173,428.1,364,224,282793,1,
2723,tr,jumbled,5,3,196,458.9,410.9,256,294321,1,
2724,tr,jumbled,5,4,31,203.7,183.1,57,147363,1,
2725,tr,jumbled,5,5,46,217.1,224.7,75,169760,1,
2726,tr,real_message,1,1,400,684.6,619.6,409,313602,1,
2727,tr,real_message,1,2,400,686.8,617.2,409,313650,1,
2728,tr,real_message,1,3,400,694.7,618.5,409,311453,1,
2729,tr,real_message,1,4,400,722.3,623.4,408,303188,1,
2730,tr,real_message,1,5,400,695.6,620.2,408,310078,1,
2731,tr,real_message,2,1,400,683.1,619.5,409,313987,1,
2732,tr,real_message,2,2,400,689.1,619.6,409,312524,1,
2733,tr,real_message,2,3,400,910.7,991.6,409,215003,1,
2734,tr,real_message,2,4,400,776.8,814.2,408,256442,1,
2735,tr,real_message,2,5,400,680.9,622.8,408,312955,1,
2736,tr,real_message,3,1,400,681.8,620.4,409,314084,1,
2737,tr,real_message,3,2,400,693.7,736.9,409,285894,1,
2738,tr,real_message,3,3,400,696.3,617.3,409,311358,1,
2739,tr,real_message,3,4,400,706.6,754.1,408,279318,1,
2740,tr,real_message,3,5,400,685.9,618,408,312907,1,
2741,tr,real_message,4,1,400,677.3,633,409,312142,1,
2742,tr,real_message,4,2,400,690.9,618.5,409,312357,1,
2743,tr,real_message,4,3,400,741.7,618.3,409,300735,1,
2744,tr,real_message,4,4,400,1191.2,633.8,408,223562,1,
2745,tr,real_message,4,5,400,672.3,626.6,408,314112,1,
2746,tr,real_message,5,1,400,698.3,630.7,409,307750,1,
2747,tr,real_message,5,2,400,678,627.6,409,313266,1,
2748,tr,real_message,5,3,400,694,620.3,409,311192,1,
2749,tr,real_message,5,4,400,687.1,638.3,408,307832,1,
2750,tr,real_message,5,5,400,674.5,625.9,408,313750,1,
2751,tr,repeated_phrase,1,1,201,408,364.4,221,286121,1,
2752,tr,repeated_phrase,1,2,30,200.6,224,50,117758,1,
2753,tr,repeated_phrase,1,3,52,227.6,202.6,72,167364,1,
2754,tr,repeated_phrase,1,4,48,220.2,185.4,68,167653,1,
2755,tr,repeated_phrase,1,5,128,308.9,265.9,148,257481,1,
2756,tr,repeated_phrase,2,1,76,238.2,311.5,96,174641,1,
2757,tr,repeated_phrase,2,2,219,435.9,379.8,239,293000,1,
2758,tr,repeated_phrase,2,3,102,265.9,232.8,122,244636,1,
2759,tr,repeated_phrase,2,4,93,265.1,234,113,226408,1,
2760,tr,repeated_phrase,2,5,25,215.6,156.1,45,121065,1,
2761,tr,repeated_phrase,3,1,87,256.5,219.1,107,224979,1,
2762,tr,repeated_phrase,3,2,146,319,292.7,166,271375,1,
2763,tr,repeated_phrase,3,3,148,315,280.5,168,282116,1,
2764,tr,repeated_phrase,3,4,152,337.4,298.4,172,270525,1,
2765,tr,repeated_phrase,3,5,80,250.5,217.6,100,213630,1,
2766,tr,repeated_phrase,4,1,113,285.2,250.2,133,248412,1,
2767,tr,repeated_phrase,4,2,118,312.5,250.8,138,244985,1,
2768,tr,repeated_phrase,4,3,93,266,233.1,113,226408,1,
2769,tr,repeated_phrase,4,4,110,287.6,250.7,130,241501,1,
2770,tr,repeated_phrase,4,5,194,392.3,345.6,214,290012,1,
2771,tr,repeated_phrase,5,1,55,220.1,186.9,75,184275,1,
2772,tr,repeated_phrase,5,2,112,282.2,249.6,132,248214,1,
2773,tr,repeated_phrase,5,3,68,233.8,200.1,88,202812,1,
2774,tr,repeated_phrase,5,4,59,215.6,185.9,79,196762,1,
2775,tr,repeated_phrase,5,5,199,411.5,362,219,283129,1,
2776,tr,edge_case,1,1,0,168,139,20,65146.6,1,
2777,tr,edge_case,1,2,1,166.6,137.9,21,68965.5,1,
2778,tr,edge_case,1,3,19,164.7,137.4,19,62893.1,1,
2779,tr,edge_case,1,4,25,165.9,137.5,25,82399.5,1,
2780,tr,edge_case,1,5,25,183,153.4,45,133769,1,
2781,tr,edge_case,2,1,0,167.8,138.1,20,65380.8,1,
2782,tr,edge_case,2,2,1,161.5,136.8,21,70398.9,1,
2783,tr,edge_case,2,3,19,177.4,136.6,19,60509.6,1,
2784,tr,edge_case,2,4,25,165.5,136.5,25,82781.5,1,
2785,tr,edge_case,2,5,25,180.5,152.1,45,135298,1,
2786,tr,edge_case,3,1,0,165.8,137.6,20,65919.6,1,
2787,tr,edge_case,3,2,1,164.8,200.6,21,57471.3,1,
2788,tr,edge_case,3,3,19,257.1,139,19,47967.7,1,
2789,tr,edge_case,3,4,25,167.4,137,25,82128.8,1,
2790,tr,edge_case,3,5,25,185.1,268.4,45,99228.2,1,
2791,tr,edge_case,4,1,0,168,138.6,20,65231.6,1,
2792,tr,edge_case,4,2,1,165,137,21,69536.4,1,
2793,tr,edge_case,4,3,19,164.3,136.7,19,63122.9,1,
2794,tr,edge_case,4,4,25,165.4,137.1,25,82644.6,1,
2795,tr,edge_case,4,5,25,181,152,45,135135,1,
2796,tr,edge_case,5,1,0,166,137.5,20,65897.9,1,
2797,tr,edge_case,5,2,1,164.3,136.7,21,69767.4,1,
2798,tr,edge_case,5,3,19,163.8,136.7,19,63228,1,
2799,tr,edge_case,5,4,25,164.3,136.5,25,83111.7,1,
2800,tr,edge_case,5,5,25,188.5,152.9,45,131810,1,
2801,ro,same_char,1,1,131,305.7,267.4,151,263479,1,
2802,ro,same_char,1,2,119,357,381.1,139,188321,1,
2803,ro,same_char,1,3,83,258.6,219.9,103,215256,1,
2804,ro,same_char,1,4,154,339.1,298.1,174,273070,1,
2805,ro,same_char,1,5,99,267.2,233.4,119,237715,1,
2806,ro,same_char,2,1,69,315.3,202.1,89,172014,1,
2807,ro,same_char,2,2,152,338.7,298.1,172,270101,1,
2808,ro,same_char,2,3,69,232.1,200.7,89,205638,1,
2809,ro,same_char,2,4,83,335.3,297,103,162897,1,
2810,ro,same_char,2,5,90,255.7,218.9,110,231774,1,
2811,ro,same_char,3,1,54,220.4,186.4,74,181908,1,
2812,ro,same_char,3,2,25,198.7,154.1,45,127551,1,
2813,ro,same_char,3,3,175,719.1,576.5,195,150509,1,
2814,ro,same_char,3,4,66,243.5,271.1,86,167120,1,
2815,ro,same_char,3,5,80,259.8,219.1,100,208812,1,
2816,ro,same_char,4,1,79,608.9,369.6,99,101175,1,
2817,ro,same_char,4,2,97,320.9,258.5,117,201933,1,
2818,ro,same_char,4,3,98,267.3,253,118,226792,1,
2819,ro,same_char,4,4,171,380.1,315.3,191,274662,1,
2820,ro,same_char,4,5,141,318,282.1,161,268289,1,
2821,ro,same_char,5,1,183,497,479.8,203,207821,1,
2822,ro,same_char,5,2,177,390.6,330.1,197,273345,1,
2823,ro,same_char,5,3,166,353.9,314.7,186,278193,1,
2824,ro,same_char,5,4,94,286.6,233.4,114,219231,1,
2825,ro,same_char,5,5,135,299.6,264.3,155,274871,1,
2826,ro,alternating,1,1,168,369.3,314.1,188,275095,1,
2827,ro,alternating,1,2,176,373,330.8,196,278488,1,
2828,ro,alternating,1,3,76,233.5,252.2,96,197653,1,
2829,ro,alternating,1,4,91,265.7,227,111,225289,1,
2830,ro,alternating,1,5,159,350.5,298.5,179,275809,1,
2831,ro,alternating,2,1,199,702,631.8,219,164193,1,
2832,ro,alternating,2,2,198,450.3,364.8,218,267452,1,
2833,ro,alternating,2,3,154,345.2,299.7,174,269809,1,
2834,ro,alternating,2,4,72,233.9,201.6,92,211251,1,
2835,ro,alternating,2,5,42,210.5,169.2,62,163287,1,
2836,ro,alternating,3,1,21,197.8,216.8,41,98890.5,1,
2837,ro,alternating,3,2,73,239,201.2,93,211268,1,
2838,ro,alternating,3,3,113,289.9,250.4,133,246160,1,
2839,ro,alternating,3,4,99,266.9,233,119,238048,1,
2840,ro,alternating,3,5,28,248.2,155,48,119048,1,
2841,ro,alternating,4,1,135,299.8,265.4,155,274239,1,
2842,ro,alternating,4,2,168,348.7,313.8,188,283774,1,
2843,ro,alternating,4,3,81,248.5,302.7,101,183237,1,
2844,ro,alternating,4,4,193,400.5,345,213,285714,1,
2845,ro,alternating,4,5,61,232.6,200.2,81,187153,1,
2846,ro,alternating,5,1,24,183.6,154,44,130332,1,
2847,ro,alternating,5,2,219,440.4,379.3,239,291570,1,
2848,ro,alternating,5,3,173,350.4,313.9,193,290531,1,
2849,ro,alternating,5,4,34,242.5,221,54,116505,1,
2850,ro,alternating,5,5,108,270.1,232.8,128,254524,1,
2851,ro,cyclic,1,1,145,329.4,281.2,165,270226,1,
2852,ro,cyclic,1,2,111,283.7,248.6,131,246102,1,
2853,ro,cyclic,1,3,161,360.5,300.2,181,273952,1,
2854,ro,cyclic,1,4,127,301.2,264.4,147,259901,1,
2855,ro,cyclic,1,5,86,256.4,218.7,106,223111,1,
2856,ro,cyclic,2,1,65,233.8,201.9,85,195088,1,
2857,ro,cyclic,2,2,39,200.4,169,59,159718,1,
2858,ro,cyclic,2,3,185,370.2,330.1,205,292732,1,
2859,ro,cyclic,2,4,39,198.9,169.3,59,160239,1,
2860,ro,cyclic,2,5,126,298.4,265.5,146,258911,1,
2861,ro,cyclic,3,1,122,285,250.3,142,265272,1,
2862,ro,cyclic,3,2,195,396.1,359.1,215,284693,1,
2863,ro,cyclic,3,3,22,194.4,153.7,42,120655,1,
2864,ro,cyclic,3,4,151,341.7,309.4,171,262632,1,
2865,ro,cyclic,3,5,159,334.1,296.9,179,283677,1,
2866,ro,cyclic,4,1,127,305.2,287.3,147,248101,1,
2867,ro,cyclic,4,2,36,201.9,169.5,56,150781,1,
2868,ro,cyclic,4,3,148,322,281.8,168,278238,1,
2869,ro,cyclic,4,4,174,386.2,341.1,194,266740,1,
2870,ro,cyclic,4,5,187,386,345.5,207,282980,1,
2871,ro,cyclic,5,1,193,414.1,356.2,213,276516,1,
2872,ro,cyclic,5,2,193,420.9,359.9,213,272797,1,
2873,ro,cyclic,5,3,115,290.7,251.2,135,249123,1,
2874,ro,cyclic,5,4,71,234,202.3,91,208572,1,
2875,ro,cyclic,5,5,98,430,493.4,118,127789,1,
2876,ro,jumbled,1,1,189,442.7,394.9,244,291309,1,
2877,ro,jumbled,1,2,165,399,398.8,211,264477,1,
2878,ro,jumbled,1,3,144,358.9,314.6,187,277654,1,
2879,ro,jumbled,1,4,139,356.6,314.7,187,278564,1,
2880,ro,jumbled,1,5,119,316.4,281.5,165,275966,1,
2881,ro,jumbled,2,1,190,540,706.5,237,190132,1,
2882,ro,jumbled,2,2,146,360.9,314.8,190,281190,1,
2883,ro,jumbled,2,3,38,203.7,169.4,64,171536,1,
2884,ro,jumbled,2,4,99,282.7,249.4,135,253712,1,
2885,ro,jumbled,2,5,122,316.8,289.7,164,270404,1,
2886,ro,jumbled,3,1,139,339.5,311.9,182,279398,1,
2887,ro,jumbled,3,2,141,392.7,318,185,260307,1,
2888,ro,jumbled,3,3,33,204.2,169.9,59,157712,1,
2889,ro,jumbled,3,4,126,339.2,297.8,173,271586,1,
2890,ro,jumbled,3,5,170,409.3,362.4,229,296747,1,
2891,ro,jumbled,4,1,49,218.1,199.9,77,184211,1,
2892,ro,jumbled,4,2,204,479.2,571,261,248524,1,
2893,ro,jumbled,4,3,207,464.3,424,264,297197,1,
2894,ro,jumbled,4,4,165,385.2,355.6,214,288877,1,
2895,ro,jumbled,4,5,147,370,330.7,198,282575,1,
2896,ro,jumbled,5,1,207,489.6,428.5,268,291907,1,
2897,ro,jumbled,5,2,94,288.2,249.1,132,245673,1,
2898,ro,jumbled,5,3,107,298.2,265.3,146,259095,1,
2899,ro,jumbled,5,4,82,265.9,242.5,117,230134,1,
2900,ro,jumbled,5,5,145,349.4,312.2,188,284160,1,
2901,ro,real_message,1,1,400,702,606,407,311162,1,
2902,ro,real_message,1,2,400,690.8,624.1,408,310290,1,
2903,ro,real_message,1,3,400,755.9,606.7,405,297226,1,
2904,ro,real_message,1,4,400,664,614.6,406,317535,1,
2905,ro,real_message,1,5,400,654.3,610.8,407,321714,1,
2906,ro,real_message,2,1,400,656.2,609,407,321688,1,
2907,ro,real_message,2,2,400,671.5,623.5,408,315058,1,
2908,ro,real_message,2,3,400,663.1,601.3,405,320310,1,
2909,ro,real_message,2,4,400,658.2,628.1,406,315634,1,
2910,ro,real_message,2,5,400,652.9,599.7,407,324924,1,
2911,ro,real_message,3,1,400,664.8,602.2,407,321231,1,
2912,ro,real_message,3,2,400,681.2,618.3,408,313967,1,
2913,ro,real_message,3,3,400,661.2,609.7,405,318672,1,
2914,ro,real_message,3,4,400,668.6,601.6,406,319635,1,
2915,ro,real_message,3,5,400,663.5,601.1,407,321841,1,
2916,ro,real_message,4,1,400,652.4,611.3,407,322070,1,
2917,ro,real_message,4,2,400,689.3,647.5,408,305206,1,
2918,ro,real_message,4,3,400,659.2,762.7,405,284830,1,
2919,ro,real_message,4,4,400,688.5,606.3,406,313562,1,
2920,ro,real_message,4,5,400,666,601.4,407,321130,1,
2921,ro,real_message,5,1,400,665,618.6,407,317077,1,
2922,ro,real_message,5,2,400,816.5,622.6,408,283511,1,
2923,ro,real_message,5,3,400,658.9,611.1,405,318898,1,
2924,ro,real_message,5,4,400,888,609.8,406,271064,1,
2925,ro,real_message,5,5,400,672.4,601.9,407,319391,1,
2926,ro,repeated_phrase,1,1,75,234.1,202.7,95,217491,1,
2927,ro,repeated_phrase,1,2,127,299.8,265.8,147,259901,1,
2928,ro,repeated_phrase,1,3,135,349.9,267.2,155,251175,1,
2929,ro,repeated_phrase,1,4,21,212.8,154.5,41,111625,1,
2930,ro,repeated_phrase,1,5,111,283.4,248.7,131,246194,1,
2931,ro,repeated_phrase,2,1,131,302.3,266.7,151,265378,1,
2932,ro,repeated_phrase,2,2,168,351.1,337.7,188,272938,1,
2933,ro,repeated_phrase,2,3,86,256.1,217.1,106,224007,1,
2934,ro,repeated_phrase,2,4,214,650.6,607.8,234,185950,1,
2935,ro,repeated_phrase,2,5,219,426.9,378.5,239,296747,1,
2936,ro,repeated_phrase,3,1,51,219.6,186.6,71,174791,1,
2937,ro,repeated_phrase,3,2,140,319.1,281.5,160,266400,1,
2938,ro,repeated_phrase,3,3,175,379.4,330.6,195,274648,1,
2939,ro,repeated_phrase,3,4,131,306.7,266,151,263663,1,
2940,ro,repeated_phrase,3,5,73,243.2,202.8,93,208520,1,
2941,ro,repeated_phrase,4,1,218,424.2,382.6,238,294993,1,
2942,ro,repeated_phrase,4,2,116,294.1,249.7,136,250092,1,
2943,ro,repeated_phrase,4,3,72,240.8,201.8,92,207863,1,
2944,ro,repeated_phrase,4,4,143,349.3,280.9,163,258648,1,
2945,ro,repeated_phrase,4,5,79,260.3,218.3,99,206853,1,
2946,ro,repeated_phrase,5,1,167,402,314.5,187,260991,1,
2947,ro,repeated_phrase,5,2,74,234.7,201.2,94,215646,1,
2948,ro,repeated_phrase,5,3,136,300.4,266.1,156,275375,1,
2949,ro,repeated_phrase,5,4,53,218.7,186.1,73,180336,1,
2950,ro,repeated_phrase,5,5,202,402.4,362.5,222,290234,1,
2951,ro,edge_case,1,1,0,168.9,138,20,65167.8,1,
2952,ro,edge_case,1,2,1,165.3,137.2,21,69421.5,1,
2953,ro,edge_case,1,3,19,165.2,136.4,19,62997.3,1,
2954,ro,edge_case,1,4,25,165.1,137.4,25,82644.6,1,
2955,ro,edge_case,1,5,25,190.7,153.9,45,130586,1,
2956,ro,edge_case,2,1,0,169,139.4,20,64850.8,1,
2957,ro,edge_case,2,2,1,165.6,137.5,21,69284.1,1,
2958,ro,edge_case,2,3,19,179.8,137.4,19,59899.1,1,
2959,ro,edge_case,2,4,25,164.6,137.4,25,82781.5,1,
2960,ro,edge_case,2,5,25,183.1,152.9,45,133929,1,
2961,ro,edge_case,3,1,0,167,138,20,65573.8,1,
2962,ro,edge_case,3,2,1,164.1,137.2,21,69698,1,
2963,ro,edge_case,3,3,19,165.5,137.7,19,62664.9,1,
2964,ro,edge_case,3,4,25,164.2,137.6,25,82836.3,1,
2965,ro,edge_case,3,5,25,181.3,152.9,45,134650,1,
2966,ro,edge_case,4,1,0,166.4,138.1,20,65681.4,1,
2967,ro,edge_case,4,2,1,199.4,159.5,21,58512.1,1,
2968,ro,edge_case,4,3,19,167.1,137.3,19,62417.9,1,
2969,ro,edge_case,4,4,25,164.7,137.6,25,82699.3,1,
2970,ro,edge_case,4,5,25,182.5,153.5,45,133929,1,
2971,ro,edge_case,5,1,0,167.4,152.3,20,62558.6,1,
2972,ro,edge_case,5,2,1,166,137.4,21,69215.6,1,
2973,ro,edge_case,5,3,19,165.7,137.5,19,62664.9,1,
2974,ro,edge_case,5,4,25,324.2,248.7,25,43637.6,1,
2975,ro,edge_case,5,5,25,331.9,272.7,45,74429.4,1,
2976,sl,same_char,1,1,110,291.2,311.1,130,215839,1,
2977,sl,same_char,1,2,205,406.6,361.7,225,292854,1,
2978,sl,same_char,1,3,76,245.4,202.1,96,214525,1,
2979,sl,same_char,1,4,42,197.7,179.7,62,164282,1,
2980,sl,same_char,1,5,185,377.9,330.1,205,289548,1,
2981,sl,same_char,2,1,163,355.5,315,183,272931,1,
2982,sl,same_char,2,2,132,302.7,265.8,152,267370,1,
2983,sl,same_char,2,3,105,273,248.6,125,239647,1,
2984,sl,same_char,2,4,129,304.5,266,149,261174,1,
2985,sl,same_char,2,5,174,370.1,339.6,194,273355,1,
2986,sl,same_char,3,1,211,436.1,383.2,231,281948,1,
2987,sl,same_char,3,2,94,268.7,234,114,226775,1,
2988,sl,same_char,3,3,177,370.1,343,197,276259,1,
2989,sl,same_char,3,4,50,227.1,186.4,70,169287,1,
2990,sl,same_char,3,5,219,420.6,379.4,239,298750,1,
2991,sl,same_char,4,1,177,375.2,359.8,197,268027,1,
2992,sl,same_char,4,2,202,401.3,362,222,290842,1,
2993,sl,same_char,4,3,121,283.4,250.1,141,264292,1,
2994,sl,same_char,4,4,208,791.7,610.3,228,162625,1,
2995,sl,same_char,4,5,92,256,217.9,112,236337,1,
2996,sl,same_char,5,1,44,373.9,327.3,64,91272.1,1,
2997,sl,same_char,5,2,198,409.6,362.3,218,282420,1,
2998,sl,same_char,5,3,106,270.6,234.1,126,249653,1,
2999,sl,same_char,5,4,200,412.2,362.6,220,283944,1,
3000,sl,same_char,5,5,27,224.4,154.5,47,124043,1,
3001,sl,alternating,1,1,171,352,315,191,286357,1,
3002,sl,alternating,1,2,144,347.4,310.2,164,249392,1,
3003,sl,alternating,1,3,180,373.9,331.7,200,283447,1,
3004,sl,alternating,1,4,176,373.1,330.6,196,278528,1,
3005,sl,alternating,1,5,134,315.7,266.2,154,264650,1,
3006,sl,alternating,2,1,184,366.9,339.3,204,288870,1,
3007,sl,alternating,2,2,203,727,390.1,223,199624,1,
3008,sl,alternating,2,3,65,256.3,202.9,85,185105,1,
3009,sl,alternating,2,4,98,268.1,244.9,118,230019,1,
3010,sl,alternating,2,5,29,200.3,169.4,49,132540,1,
3011,sl,alternating,3,1,89,252.4,228.9,109,226470,1,
3012,sl,alternating,3,2,88,251,218,108,230277,1,
3013,sl,alternating,3,3,29,201.3,170.1,49,131933,1,
3014,sl,alternating,3,4,160,352.2,302,180,275145,1,
3015,sl,alternating,3,5,130,560.4,334.2,150,167673,1,
3016,sl,alternating,4,1,202,404.1,363,222,289402,1,
3017,sl,alternating,4,2,204,400.3,362.9,224,293501,1,
3018,sl,alternating,4,3,186,384.4,354.4,206,278831,1,
3019,sl,alternating,4,4,54,216.3,185.5,74,184171,1,
3020,sl,alternating,4,5,167,742.8,378,187,166845,1,
3021,sl,alternating,5,1,64,265.5,202.8,84,179372,1,
3022,sl,alternating,5,2,152,354,298.9,172,263440,1,
3023,sl,alternating,5,3,62,232.8,201.3,82,188897,1,
3024,sl,alternating,5,4,212,419.7,377.8,232,290909,1,
3025,sl,alternating,5,5,102,265,242.8,122,240252,1,
3026,sl,cyclic,1,1,184,382.4,422.6,204,253416,1,
3027,sl,cyclic,1,2,92,269.4,217.6,112,229979,1,
3028,sl,cyclic,1,3,82,253.5,217.3,102,216653,1,
3029,sl,cyclic,1,4,152,338,299.3,172,269889,1,
3030,sl,cyclic,1,5,112,282.2,249.3,132,248354,1,
3031,sl,cyclic,2,1,152,407,476.1,172,194768,1,
3032,sl,cyclic,2,2,208,572.8,408.4,228,232369,1,
3033,sl,cyclic,2,3,88,255,231.3,108,222085,1,
3034,sl,cyclic,2,4,185,363.9,328.2,205,296200,1,
3035,sl,cyclic,2,5,85,248.8,216.2,105,225806,1,
3036,sl,cyclic,3,1,77,248.3,231.4,97,202210,1,
3037,sl,cyclic,3,2,63,235.2,201.3,83,190149,1,
3038,sl,cyclic,3,3,95,266.8,303.5,115,201648,1,
3039,sl,cyclic,3,4,181,386,330.3,201,280609,1,
3040,sl,cyclic,3,5,86,249.6,217.2,106,227078,1,
3041,sl,cyclic,4,1,64,233.5,201.5,84,193103,1,
3042,sl,cyclic,4,2,103,265.3,232.1,123,247286,1,
3043,sl,cyclic,4,3,132,297.9,268.9,152,268172,1,
3044,sl,cyclic,4,4,125,323.4,276.7,145,241626,1,
3045,sl,cyclic,4,5,145,557,283.5,165,196312,1,
3046,sl,cyclic,5,1,185,372,330.3,205,291898,1,
3047,sl,cyclic,5,2,140,317.4,292.1,160,262510,1,
3048,sl,cyclic,5,3,47,222.8,195.9,67,160019,1,
3049,sl,cyclic,5,4,122,285.7,249.6,142,265272,1,
3050,sl,cyclic,5,5,123,293.2,249.6,143,263449,1,
3051,sl,jumbled,1,1,165,446.2,350,216,271289,1,
3052,sl,jumbled,1,2,170,405.2,369.3,218,281472,1,
3053,sl,jumbled,1,3,115,321,282.1,161,266954,1,
3054,sl,jumbled,1,4,102,290.3,293.7,142,243151,1,
3055,sl,jumbled,1,5,160,395.7,346.3,210,283019,1,
3056,sl,jumbled,2,1,158,481.5,371.1,204,239268,1,
3057,sl,jumbled,2,2,60,237.6,201.8,89,202549,1,
3058,sl,jumbled,2,3,180,443.5,379.6,239,290366,1,
3059,sl,jumbled,2,4,216,508.5,442.6,277,291242,1,
3060,sl,jumbled,2,5,146,378.7,328.9,200,282646,1,
3061,sl,jumbled,3,1,205,458.6,423.1,263,298287,1,
3062,sl,jumbled,3,2,87,266.8,233,122,244098,1,
3063,sl,jumbled,3,3,193,457.7,394.3,249,292254,1,
3064,sl,jumbled,3,4,93,294.2,250.7,131,240411,1,
3065,sl,jumbled,3,5,99,285.9,249.8,142,265074,1,
3066,sl,jumbled,4,1,45,236.3,187.6,70,165133,1,
3067,sl,jumbled,4,2,126,328.5,282.3,168,275049,1,
3068,sl,jumbled,4,3,57,233.2,216.9,88,195512,1,
3069,sl,jumbled,4,4,141,352.5,313.8,184,276152,1,
3070,sl,jumbled,4,5,200,464.3,410.3,265,302996,1,
3071,sl,jumbled,5,1,59,306.1,201.5,95,187155,1,
3072,sl,jumbled,5,2,207,454.1,409.1,264,305839,1,
3073,sl,jumbled,5,3,175,426.3,379.8,234,290287,1,
3074,sl,jumbled,5,4,184,418.8,379.3,240,300714,1,
3075,sl,jumbled,5,5,156,382.5,345,207,284536,1,
3076,sl,real_message,1,1,364,634.1,570,377,313097,1,
3077,sl,real_message,1,2,327,589,523.2,340,305700,1,
3078,sl,real_message,1,3,290,523.8,475.5,304,304213,1,
3079,sl,real_message,1,4,253,478.5,438.2,267,291262,1,
3080,sl,real_message,1,5,216,435.2,380.9,231,283054,1,
3081,sl,real_message,2,1,364,627.6,581.8,377,311725,1,
3082,sl,real_message,2,2,327,587,523.5,340,306168,1,
3083,sl,real_message,2,3,290,532,476.2,304,301527,1,
3084,sl,real_message,2,4,253,471.4,427.1,267,297162,1,
3085,sl,real_message,2,5,216,425.3,418.8,231,273664,1,
3086,sl,real_message,3,1,364,637.5,574.7,377,311005,1,
3087,sl,real_message,3,2,327,577.3,524.3,340,308642,1,
3088,sl,real_message,3,3,290,520.9,485,304,302217,1,
3089,sl,real_message,3,4,253,851.5,787,267,162954,1,
3090,sl,real_message,3,5,216,442.4,380.1,231,280851,1,
3091,sl,real_message,4,1,364,635.3,572.7,377,312086,1,
3092,sl,real_message,4,2,327,579.3,532.3,340,305865,1,
3093,sl,real_message,4,3,290,522.6,474.9,304,304762,1,
3094,sl,real_message,4,4,253,472.9,426,267,297030,1,
3095,sl,real_message,4,5,216,567.9,383.1,231,242902,1,
3096,sl,real_message,5,1,364,625,573,377,314691,1,
3097,sl,real_message,5,2,327,569.3,522.6,340,311384,1,
3098,sl,real_message,5,3,290,731.2,514.7,304,244000,1,
3099,sl,real_message,5,4,253,482.7,469.4,267,280433,1,
3100,sl,real_message,5,5,216,422.4,378.6,231,288390,1,
3101,sl,repeated_phrase,1,1,151,348.2,299.6,171,263970,1,
3102,sl,repeated_phrase,1,2,72,236.4,202.3,92,209711,1,
3103,sl,repeated_phrase,1,3,116,290.4,250.4,136,251479,1,
3104,sl,repeated_phrase,1,4,147,326.5,320,167,258314,1,
3105,sl,repeated_phrase,1,5,136,299.6,265.6,156,276008,1,
3106,sl,repeated_phrase,2,1,98,279.5,235.1,118,229304,1,
3107,sl,repeated_phrase,2,2,112,284.6,327,132,215827,1,
3108,sl,repeated_phrase,2,3,67,255.9,202.6,87,189749,1,
3109,sl,repeated_phrase,2,4,85,257.7,219.8,105,219895,1,
3110,sl,repeated_phrase,2,5,25,340.6,285.9,45,71827.6,1,
3111,sl,repeated_phrase,3,1,123,286.5,251.7,143,265700,1,
3112,sl,repeated_phrase,3,2,103,272.2,234.3,123,242843,1,
3113,sl,repeated_phrase,3,3,100,265.7,234.2,120,240048,1,
3114,sl,repeated_phrase,3,4,175,380,331.3,195,274146,1,
3115,sl,repeated_phrase,3,5,139,329.8,282.4,159,259719,1,
3116,sl,repeated_phrase,4,1,37,203.6,171.2,57,152081,1,
3117,sl,repeated_phrase,4,2,129,304,266.5,149,261174,1,
3118,sl,repeated_phrase,4,3,138,299.6,265.8,158,279448,1,
3119,sl,repeated_phrase,4,4,120,292.9,249.2,140,258255,1,
3120,sl,repeated_phrase,4,5,203,406.1,361.3,223,290592,1,
3121,sl,repeated_phrase,5,1,28,184.8,154.2,48,141593,1,
3122,sl,repeated_phrase,5,2,80,250.1,216.8,100,214179,1,
3123,sl,repeated_phrase,5,3,76,240.3,202.4,96,216851,1,
3124,sl,repeated_phrase,5,4,166,354.6,324.3,186,273973,1,
3125,sl,repeated_phrase,5,5,139,318.7,282.5,159,264471,1,
3126,sl,edge_case,1,1,0,168.5,138.3,20,65189,1,
3127,sl,edge_case,1,2,1,200.6,152.3,21,59506.9,1,
3128,sl,edge_case,1,3,19,168,137.1,19,62274.7,1,
3129,sl,edge_case,1,4,25,162,137.3,25,83528.2,1,
3130,sl,edge_case,1,5,25,182.6,164.9,45,129496,1,
3131,sl,edge_case,2,1,0,167.6,138.2,20,65402.2,1,
3132,sl,edge_case,2,2,1,167.6,137.7,21,68784.8,1,
3133,sl,edge_case,2,3,19,205.5,138,19,55313,1,
3134,sl,edge_case,2,4,25,165.9,137,25,82535.5,1,
3135,sl,edge_case,2,5,25,182.2,152.9,45,134288,1,
3136,sl,edge_case,3,1,0,170.7,138,20,64787.8,1,
3137,sl,edge_case,3,2,1,165,136.6,21,69628.6,1,
3138,sl,edge_case,3,3,19,165,137.3,19,62851.5,1,
3139,sl,edge_case,3,4,25,166.4,136.5,25,82535.5,1,
3140,sl,edge_case,3,5,25,180.8,153,45,134811,1,
3141,sl,edge_case,4,1,0,168.5,138.3,20,65189,1,
3142,sl,edge_case,4,2,1,165.5,137.3,21,69352.7,1,
3143,sl,edge_case,4,3,19,164.8,149.8,19,60394.2,1,
3144,sl,edge_case,4,4,25,165.9,137.7,25,82345.2,1,
3145,sl,edge_case,4,5,25,275.3,175.6,45,99800.4,1,
3146,sl,edge_case,5,1,0,190.6,139.2,20,60642.8,1,
3147,sl,edge_case,5,2,1,168.6,137,21,68717.3,1,
3148,sl,edge_case,5,3,19,165.8,136.7,19,62809.9,1,
3149,sl,edge_case,5,4,25,208.9,185.4,25,63403.5,1,
3150,sl,edge_case,5,5,25,189.2,153.6,45,131272,1,
3151,mi,same_char,1,1,108,319.1,235.3,128,230880,1,
3152,mi,same_char,1,2,47,245.2,200.9,67,150191,1,
3153,mi,same_char,1,3,78,252.7,216.5,98,208866,1,
3154,mi,same_char,1,4,44,198.3,168.9,64,174292,1,
3155,mi,same_char,1,5,61,242.3,200.9,81,182762,1,
3156,mi,same_char,2,1,129,308.7,267.4,149,258636,1,
3157,mi,same_char,2,2,188,387.1,355,208,280286,1,
3158,mi,same_char,2,3,24,182.8,153.1,44,130991,1,
3159,mi,same_char,2,4,68,232,201.1,88,203186,1,
3160,mi,same_char,2,5,61,235.4,201.5,81,185397,1,
3161,mi,same_char,3,1,117,286,251.2,137,255026,1,
3162,mi,same_char,3,2,181,391.3,352,201,270416,1,
3163,mi,same_char,3,3,58,218.6,185.1,78,193213,1,
3164,mi,same_char,3,4,28,182.6,153.2,48,142942,1,
3165,mi,same_char,3,5,27,182,153.5,47,140089,1,
3166,mi,same_char,4,1,167,351.3,313.5,187,281288,1,
3167,mi,same_char,4,2,115,282.5,249.1,135,253950,1,
3168,mi,same_char,4,3,145,331,284,165,268293,1,
3169,mi,same_char,4,4,147,317.2,424.3,167,225219,1,
3170,mi,same_char,4,5,89,258.7,262.4,109,209173,1,
3171,mi,same_char,5,1,140,316.5,281.5,160,267559,1,
3172,mi,same_char,5,2,114,292.2,248.3,134,247919,1,
3173,mi,same_char,5,3,162,335.6,297.5,182,287474,1,
3174,mi,same_char,5,4,95,295.3,235,115,216858,1,
3175,mi,same_char,5,5,116,460.9,252.3,136,190690,1,
3176,mi,alternating,1,1,82,270.3,219.1,102,208418,1,
3177,mi,alternating,1,2,192,385.4,345.6,212,290014,1,
3178,mi,alternating,1,3,65,231.7,200.7,85,196577,1,
3179,mi,alternating,1,4,92,248.5,216.6,112,240808,1,
3180,mi,alternating,1,5,38,199.9,170.2,58,156714,1,
3181,mi,alternating,2,1,52,239.1,195.3,72,165746,1,
3182,mi,alternating,2,2,162,344.8,308.7,182,278500,1,
3183,mi,alternating,2,3,86,263.8,216.7,106,220604,1,
3184,mi,alternating,2,4,181,367.1,330,201,288337,1,
3185,mi,alternating,2,5,181,364.3,366.1,201,275192,1,
3186,mi,alternating,3,1,120,356.2,438.4,140,176189,1,
3187,mi,alternating,3,2,69,244.8,240.1,89,183543,1,
3188,mi,alternating,3,3,167,353.3,314.3,187,280108,1,
3189,mi,alternating,3,4,79,251.5,217.2,99,211223,1,
3190,mi,alternating,3,5,152,340.4,297.7,172,269550,1,
3191,mi,alternating,4,1,108,268,234.6,128,254676,1,
3192,mi,alternating,4,2,60,216.6,187,80,198216,1,
3193,mi,alternating,4,3,77,258.9,328.1,97,165247,1,
3194,mi,alternating,4,4,40,241.2,172.1,60,145173,1,
3195,mi,alternating,4,5,104,268.8,233.6,124,246815,1,
3196,mi,alternating,5,1,204,400.8,369.1,224,290947,1,
3197,mi,alternating,5,2,32,198.5,180.1,52,137348,1,
3198,mi,alternating,5,3,113,281.4,248.6,133,250943,1,
3199,mi,alternating,5,4,50,216.8,185.3,70,174086,1,
3200,mi,alternating,5,5,191,381.9,662,211,202127,1,
3201,mi,cyclic,1,1,168,353.2,314.1,188,281732,1,
3202,mi,cyclic,1,2,49,217,184.9,69,171684,1,
3203,mi,cyclic,1,3,102,265.2,232.3,122,245226,1,
3204,mi,cyclic,1,4,66,231.7,201.2,86,198660,1,
3205,mi,cyclic,1,5,163,348.1,312.2,183,277147,1,
3206,mi,cyclic,2,1,174,373.4,398.4,194,251360,1,
3207,mi,cyclic,2,2,167,364.7,315.6,187,274879,1,
3208,mi,cyclic,2,3,50,218.4,186.5,70,172882,1,
3209,mi,cyclic,2,4,184,368.6,329.3,204,292305,1,
3210,mi,cyclic,2,5,175,365.7,329.1,195,280656,1,
3211,mi,cyclic,3,1,32,204.8,171.6,52,138151,1,
3212,mi,cyclic,3,2,147,428.2,439.7,167,192418,1,
3213,mi,cyclic,3,3,94,277.3,234.6,114,222700,1,
3214,mi,cyclic,3,4,200,404.8,361.8,220,286981,1,
3215,mi,cyclic,3,5,155,347.6,298.4,175,270898,1,
3216,mi,cyclic,4,1,195,393.3,347.5,215,290227,1,
3217,mi,cyclic,4,2,30,199.9,169,50,135538,1,
3218,mi,cyclic,4,3,34,237.8,170.2,54,132353,1,
3219,mi,cyclic,4,4,158,348.6,299.8,178,274522,1,
3220,mi,cyclic,4,5,186,385,356.6,206,277778,1,
3221,mi,cyclic,5,1,173,362.9,313.9,193,285165,1,
3222,mi,cyclic,5,2,127,307.8,267,147,255741,1,
3223,mi,cyclic,5,3,163,362.2,313.2,183,270951,1,
3224,mi,cyclic,5,4,219,432.3,379.4,239,294444,1,
3225,mi,cyclic,5,5,42,210.4,169.6,62,163158,1,
3226,mi,jumbled,1,1,134,340.2,300.9,178,277648,1,
3227,mi,jumbled,1,2,122,336.3,282.8,160,258440,1,
3228,mi,jumbled,1,3,210,471.5,441.1,269,294762,1,
3229,mi,jumbled,1,4,126,329.8,282.4,169,276054,1,
3230,mi,jumbled,1,5,198,461,410.9,256,293612,1,
3231,mi,jumbled,2,1,29,209.6,170.7,56,147252,1,
3232,mi,jumbled,2,2,114,528.2,384.6,156,170903,1,
3233,mi,jumbled,2,3,92,293.1,250.9,131,240809,1,
3234,mi,jumbled,2,4,219,609.4,447.9,278,262934,1,
3235,mi,jumbled,2,5,198,482.7,394.1,251,286268,1,
3236,mi,jumbled,3,1,85,269.9,234,128,254019,1,
3237,mi,jumbled,3,2,202,454.4,407.8,257,298075,1,
3238,mi,jumbled,3,3,171,697.8,624.8,224,169363,1,
3239,mi,jumbled,3,4,79,418.9,236.2,116,177072,1,
3240,mi,jumbled,3,5,23,191,154.4,47,136074,1,
3241,mi,jumbled,4,1,141,354.1,316.2,190,283455,1,
3242,mi,jumbled,4,2,107,301.7,266.1,146,257133,1,
3243,mi,jumbled,4,3,54,234.5,202.4,82,187686,1,
3244,mi,jumbled,4,4,112,378.8,308.8,159,231239,1,
3245,mi,jumbled,4,5,100,288.3,264.6,138,249593,1,
3246,mi,jumbled,5,1,188,447.1,394.4,242,287582,1,
3247,mi,jumbled,5,2,51,232.9,200.8,81,186765,1,
3248,mi,jumbled,5,3,179,421.5,387.4,230,284337,1,
3249,mi,jumbled,5,4,216,872.6,670,270,175029,1,
3250,mi,jumbled,5,5,94,276.6,234.1,126,246720,1,
3251,mi,real_message,1,1,400,671.5,626,409,315222,1,
3252,mi,real_message,1,2,400,671.1,881.4,409,263446,1,
3253,mi,real_message,1,3,400,698.8,604.8,407,312212,1,
3254,mi,real_message,1,4,398,656.9,616.3,403,316525,1,
3255,mi,real_message,1,5,361,668.2,695.9,370,271241,1,
3256,mi,real_message,2,1,400,674.9,627.4,409,314060,1,
3257,mi,real_message,2,2,400,679.5,617.9,409,315246,1,
3258,mi,real_message,2,3,400,668.8,605.8,407,319316,1,
3259,mi,real_message,2,4,398,655.8,599.6,403,321013,1,
3260,mi,real_message,2,5,361,727.4,852.2,370,234237,1,
3261,mi,real_message,3,1,400,675.8,619.3,409,315806,1,
3262,mi,real_message,3,2,400,692.6,618.8,409,311880,1,
3263,mi,real_message,3,3,400,701.7,604.3,407,311639,1,
3264,mi,real_message,3,4,398,658.8,600.2,403,320095,1,
3265,mi,real_message,3,5,361,683.2,610,370,286112,1,
3266,mi,real_message,4,1,400,670.9,625.5,409,315489,1,
3267,mi,real_message,4,2,400,669.1,696.1,409,299590,1,
3268,mi,real_message,4,3,400,1256.2,712.8,407,206704,1,
3269,mi,real_message,4,4,398,666.9,604,403,317098,1,
3270,mi,real_message,4,5,361,632.9,911.3,370,239606,1,
3271,mi,real_message,5,1,400,676.5,619.1,409,315684,1,
3272,mi,real_message,5,2,400,675.9,628.1,409,313650,1,
3273,mi,real_message,5,3,400,668.6,602.7,407,320145,1,
3274,mi,real_message,5,4,398,819.3,659,403,272610,1,
3275,mi,real_message,5,5,361,615.3,563.3,370,313932,1,
3276,mi,repeated_phrase,1,1,105,271.6,235.8,125,246354,1,
3277,mi,repeated_phrase,1,2,74,240.1,203.2,94,212046,1,
3278,mi,repeated_phrase,1,3,201,406.4,360.9,221,288023,1,
3279,mi,repeated_phrase,1,4,59,217.3,185.9,79,195933,1,
3280,mi,repeated_phrase,1,5,120,281.9,249.6,140,263405,1,
3281,mi,repeated_phrase,2,1,87,272.4,220.3,107,217171,1,
3282,mi,repeated_phrase,2,2,86,255.2,218.3,106,223865,1,
3283,mi,repeated_phrase,2,3,58,225.3,185.5,78,189873,1,
3284,mi,repeated_phrase,2,4,39,198.9,169.2,59,160283,1,
3285,mi,repeated_phrase,2,5,151,338.9,299.7,171,267773,1,
3286,mi,repeated_phrase,3,1,152,383.7,300.9,172,251242,1,
3287,mi,repeated_phrase,3,2,138,301.2,276,158,273735,1,
3288,mi,repeated_phrase,3,3,175,508.5,425.8,195,208712,1,
3289,mi,repeated_phrase,3,4,62,242.6,202.4,82,184270,1,
3290,mi,repeated_phrase,3,5,89,269.7,218,109,223498,1,
3291,mi,repeated_phrase,4,1,93,288.6,234.7,113,215937,1,
3292,mi,repeated_phrase,4,2,107,267,233.7,127,253645,1,
3293,mi,repeated_phrase,4,3,212,423.1,379.4,232,289097,1,
3294,mi,repeated_phrase,4,4,140,318.6,282.8,160,266046,1,
3295,mi,repeated_phrase,4,5,194,396.1,348.4,214,287441,1,
3296,mi,repeated_phrase,5,1,198,421.5,364.8,218,277248,1,
3297,mi,repeated_phrase,5,2,115,283.5,250.2,135,252951,1,
3298,mi,repeated_phrase,5,3,35,199.6,170.1,55,148769,1,
3299,mi,repeated_phrase,5,4,109,281.3,248.5,129,243488,1,
3300,mi,repeated_phrase,5,5,58,214.8,186.1,78,194562,1,
3301,mi,edge_case,1,1,0,170.5,138.6,20,64704,1,
3302,mi,edge_case,1,2,1,165.7,159,21,64675.1,1,
3303,mi,edge_case,1,3,19,167.3,136.7,19,62500,1,
3304,mi,edge_case,1,4,25,165.7,136.5,25,82726.7,1,
3305,mi,edge_case,1,5,25,183,153.1,45,133889,1,
3306,mi,edge_case,2,1,0,173.8,210,20,52110.5,1,
3307,mi,edge_case,2,2,1,190.6,138.1,21,63888,1,
3308,mi,edge_case,2,3,19,182.7,137.4,19,59356.5,1,
3309,mi,edge_case,2,4,25,165.9,138,25,82263.9,1,
3310,mi,edge_case,2,5,25,182.2,153.2,45,134168,1,
3311,mi,edge_case,3,1,0,167.7,137.8,20,65466.4,1,
3312,mi,edge_case,3,2,1,164.6,150.4,21,66666.7,1,
3313,mi,edge_case,3,3,19,165.2,136.7,19,62934.7,1,
3314,mi,edge_case,3,4,25,163.2,136.4,25,83444.6,1,
3315,mi,edge_case,3,5,25,180.7,163.2,45,130852,1,
3316,mi,edge_case,4,1,0,165.9,138,20,65811.1,1,
3317,mi,edge_case,4,2,1,166.1,136.7,21,69352.7,1,
3318,mi,edge_case,4,3,19,164.2,136.2,19,63249,1,
3319,mi,edge_case,4,4,25,163.9,136.8,25,83139.3,1,
3320,mi,edge_case,4,5,25,182.5,153.5,45,133929,1,
3321,mi,edge_case,5,1,0,185.9,140,20,61368.5,1,
3322,mi,edge_case,5,2,1,167.2,137.8,21,68852.5,1,
3323,mi,edge_case,5,3,19,165.6,137,19,62789.2,1,
3324,mi,edge_case,5,4,25,165,149.3,25,79541.8,1,
3325,mi,edge_case,5,5,25,183,168.7,45,127950,1,
